event_name,stage,gender,venue,participant_code,participant_name,participant_country_code,position,result,result_type
Men's 100m,Preliminary Round - Heat 2,M,Stade de France,4978819,HOWELL Davonte,CAY,1,10.31,TIME
Men's 100m,Preliminary Round - Heat 2,M,Stade de France,1543943,MATSENJWA Sibusiso,SWZ,2,10.39,TIME
Men's 100m,Preliminary Round - Heat 2,M,Stade de France,1564809,KIKI Didier,BEN,3,10.76,TIME
Men's 100m,Preliminary Round - Heat 2,M,Stade de France,4674332,TOUMANDJI Herve,CAF,4,10.76,TIME
Men's 100m,Preliminary Round - Heat 2,M,Stade de France,1564340,KANIWETE Kenaz,KIR,5,11.29,TIME
Men's 100m,Preliminary Round - Heat 2,M,Stade de France,1963004,PESIC Darko,MNE,6,11.85,TIME
Men's 100m,Preliminary Round - Heat 3,M,Stade de France,1552024,BIBI Gary Noa Jerrel,MRI,1,10.27,TIME
Men's 100m,Preliminary Round - Heat 3,M,Stade de France,1557220,BURRAJ Franko,ALB,2,10.6,TIME
Men's 100m,Preliminary Round - Heat 3,M,Stade de France,1566898,MUZRAPOV Favoris,TJK,3,10.6,TIME
Men's 100m,Preliminary Round - Heat 3,M,Stade de France,1965999,DIU Felix Chun Hei,HKG,4,10.62,TIME
Men's 100m,Preliminary Round - Heat 3,M,Stade de France,1967486,GARCIA Melique,HON,5,10.76,TIME
Men's 100m,Preliminary Round - Heat 3,M,Stade de France,1976100,GARDINER Rija Vatomanga,MAD,6,10.82,TIME
Men's 100m,Preliminary Round - Heat 3,M,Stade de France,1541606,ATAIDE Manuel,TLS,7,11.35,TIME
Men's 100m,Preliminary Round - Heat 3,M,Stade de France,3539612,AL-YAFAEE Samer,YEM,8,11.54,TIME
Men's 100m,Preliminary Round - Heat 1,M,Stade de France,1533176,CAMARA Ebrahima,GAM,1,10.29,TIME
Men's 100m,Preliminary Round - Heat 1,M,Stade de France,1551159,FAHMI Muhd Azeem,MAS,2,10.42,TIME
Men's 100m,Preliminary Round - Heat 1,M,Stade de France,1572093,LOUIS Marc Brian,SGP,3,10.43,TIME
Men's 100m,Preliminary Round - Heat 1,M,Stade de France,1543197,NOOR ZAHI Sha Mahmood,AFG,4,10.64,TIME
Men's 100m,Preliminary Round - Heat 1,M,Stade de France,1564230,CAMARA Seco,GBS,5,10.76,TIME
Men's 100m,Preliminary Round - Heat 1,M,Stade de France,1944598,REED William,MHL,6,11.29,TIME
Men's 100m,Preliminary Round - Heat 1,M,Stade de France,1897299,MAIBUCA Karalo Hepoiteloto,TUV,7,11.3,TIME
Men's 100m,Preliminary Round - Heat 5,M,Stade de France,1536925,HARRIS Naquille,SKN,1,10.33,TIME
Men's 100m,Preliminary Round - Heat 5,M,Stade de France,1936309,ZOHRI Lalu Muhammad,INA,2,10.35,TIME
Men's 100m,Preliminary Round - Heat 5,M,Stade de France,1966034,MULAMBA Dominique Lasconi,COD,3,10.54,TIME
Men's 100m,Preliminary Round - Heat 5,M,Stade de France,1545966,SISSOKO Fode,MLI,4,10.66,TIME
Men's 100m,Preliminary Round - Heat 5,M,Stade de France,1566535,GREEN Joseph,GUM,5,10.85,TIME
Men's 100m,Preliminary Round - Heat 5,M,Stade de France,1968309,KAKIOUEA Winzar,NRU,6,11.15,TIME
Men's 100m,Preliminary Round - Heat 5,M,Stade de France,3559388,SANTANDER VILLARUBIA Remigio,GEQ,7,11.65,TIME
Men's 100m,Preliminary Round - Heat 5,M,Stade de France,1955807,FUKOFUKA Maleselo,TGA,8,12.11,TIME
Men's 100m,Preliminary Round - Heat 4,M,Stade de France,3544811,BORZOR Christopher,HAI,1,10.26,TIME
Men's 100m,Preliminary Round - Heat 4,M,Stade de France,1938524,SANTOS Marcos,ANG,2,10.31,TIME
Men's 100m,Preliminary Round - Heat 4,M,Stade de France,1533208,MAAROUFOU Hachim,COM,3,10.44,TIME
Men's 100m,Preliminary Round - Heat 4,M,Stade de France,1536233,YASEEN Taha Hussein,IRQ,4,10.51,TIME
Men's 100m,Preliminary Round - Heat 4,M,Stade de France,1568137,ADAM Ibadulla,MDV,5,10.55,TIME
Men's 100m,Preliminary Round - Heat 4,M,Stade de France,1562077,GILL Shaun,BIZ,6,11.17,TIME
Men's 100m,Preliminary Round - Heat 4,M,Stade de France,1550219,FITI Scott James,FSM,7,11.61,TIME
Men's 100m,Preliminary Round - Heat 4,M,Stade de France,1550108,ESSABAI Ahmed,LBA,8,11.89,TIME
Men's 100m,Preliminary Round - Heat 6,M,Stade de France,3205098,DELISER ESPINOSA Arturo Harmodio,PAN,1,10.34,TIME
Men's 100m,Preliminary Round - Heat 6,M,Stade de France,3858909,SICOBO Dylan,SEY,2,10.51,TIME
Men's 100m,Preliminary Round - Heat 6,M,Stade de France,1543418,HOYE YENDA MOUKOULA Wissy Frank,GAB,3,10.59,TIME
Men's 100m,Preliminary Round - Heat 6,M,Stade de France,1930234,LISSE Jalen,SUR,4,10.64,TIME
Men's 100m,Preliminary Round - Heat 6,M,Stade de France,1941804,GRILLO Beppe,MLT,5,10.69,TIME
Men's 100m,Preliminary Round - Heat 6,M,Stade de France,1552318,RAHMAN Imranur,BAN,6,10.73,TIME
Men's 100m,Preliminary Round - Heat 6,M,Stade de France,1565546,TEWA Waisake,FIJ,7,10.73,TIME
Men's 100m,Preliminary Round - Heat 6,M,Stade de France,1926733,AR-RASYID Muhd Noor Firdaus,BRU,8,10.86,TIME
Men's 100m,Round 1 - Heat 1,M,Stade de France,1980161,THOMPSON Kishane,JAM,1,10,TIME
Men's 100m,Round 1 - Heat 1,M,Stade de France,1964967,AZAMATI Benjamin,GHA,2,10.08,TIME
Men's 100m,Round 1 - Heat 1,M,Stade de France,1562839,ESPINOSA Reynaldo R.,CUB,3,10.11,TIME
Men's 100m,Round 1 - Heat 1,M,Stade de France,1951967,BARDI Felipe,BRA,4,10.18,TIME
Men's 100m,Round 1 - Heat 1,M,Stade de France,1919832,HIGASHIDA Akihiro,JPN,5,10.19,TIME
Men's 100m,Round 1 - Heat 1,M,Stade de France,1936309,ZOHRI Lalu Muhammad,INA,6,10.26,TIME
Men's 100m,Round 1 - Heat 1,M,Stade de France,1566227,OZER Kayhan,TUR,7,10.34,TIME
Men's 100m,Round 1 - Heat 1,M,Stade de France,1543943,MATSENJWA Sibusiso,SWZ,8,10.39,TIME
Men's 100m,Round 1 - Heat 2,M,Stade de France,1928040,OMANYALA Ferdinand,KEN,1,10.08,TIME
Men's 100m,Round 1 - Heat 2,M,Stade de France,1552156,ALI Chituru,ITA,2,10.12,TIME
Men's 100m,Round 1 - Heat 2,M,Stade de France,1920122,HARTMANN Joshua,GER,3,10.16,TIME
Men's 100m,Round 1 - Heat 2,M,Stade de France,1939801,AZZOPARDI Joshua,AUS,4,10.2,TIME
Men's 100m,Round 1 - Heat 2,M,Stade de France,1907968,AUGUSTINE Devin,TTO,5,10.31,TIME
Men's 100m,Round 1 - Heat 2,M,Stade de France,1951946,CARDOSO Erik,BRA,6,10.35,TIME
Men's 100m,Round 1 - Heat 2,M,Stade de France,3205098,DELISER ESPINOSA Arturo Harmodio,PAN,7,10.35,TIME
Men's 100m,Round 1 - Heat 2,M,Stade de France,4663942,RENTERIA JIMENEZ Jhonny,COL,8,10.38,TIME
Men's 100m,Round 1 - Heat 2,M,Stade de France,1551159,FAHMI Muhd Azeem,MAS,9,10.45,TIME
Men's 100m,Round 1 - Heat 3,M,Stade de France,3557190,HINCHLIFFE Louie,GBR,1,9.98,TIME
Men's 100m,Round 1 - Heat 3,M,Stade de France,1960173,LYLES Noah,USA,2,10.04,TIME
Men's 100m,Round 1 - Heat 3,M,Stade de France,1981059,MASWANGANYI Shaun,RSA,3,10.06,TIME
Men's 100m,Round 1 - Heat 3,M,Stade de France,1918943,XIE Zhenye,CHN,4,10.16,TIME
Men's 100m,Round 1 - Heat 3,M,Stade de France,1920355,ANSAH Owen,GER,5,10.22,TIME
Men's 100m,Round 1 - Heat 3,M,Stade de France,1969769,AL BALUSHI Ali Anwar Ali,OMA,6,10.26,TIME
Men's 100m,Round 1 - Heat 3,M,Stade de France,1536925,HARRIS Naquille,SKN,7,10.38,TIME
Men's 100m,Round 1 - Heat 3,M,Stade de France,1563782,FUCHS Markus,AUT,8,10.59,TIME
Men's 100m,Round 1 - Heat 3,M,Stade de France,3858909,SICOBO Dylan,SEY,9,10.62,TIME
Men's 100m,Round 1 - Heat 6,M,Stade de France,1981055,SIMBINE Akani,RSA,1,10.03,TIME
Men's 100m,Round 1 - Heat 6,M,Stade de France,1555502,BLAKE Ackeem,JAM,2,10.06,TIME
Men's 100m,Round 1 - Heat 6,M,Stade de France,1567649,BRATHWAITE Rikkoi,IVB,3,10.13,TIME
Men's 100m,Round 1 - Heat 6,M,Stade de France,1533176,CAMARA Ebrahima,GAM,4,10.21,TIME
Men's 100m,Round 1 - Heat 6,M,Stade de France,1981766,McCOY Wanya,BAH,5,10.24,TIME
Men's 100m,Round 1 - Heat 6,M,Stade de France,1939851,BROWNING Rohan,AUS,6,10.29,TIME
Men's 100m,Round 1 - Heat 6,M,Stade de France,1895315,HANSEN Simon,DEN,7,10.39,TIME
Men's 100m,Round 1 - Heat 6,M,Stade de France,1539505,ARCHIBALD Emanuel,GUY,8,10.4,TIME
Men's 100m,Round 1 - Heat 6,M,Stade de France,1533208,MAAROUFOU Hachim,COM,9,10.52,TIME
Men's 100m,Round 1 - Heat 8,M,Stade de France,1960958,KERLEY Fred,USA,1,9.97,TIME
Men's 100m,Round 1 - Heat 8,M,Stade de France,1936983,TEBOGO Letsile,BOT,2,10.01,TIME
Men's 100m,Round 1 - Heat 8,M,Stade de France,1924431,HUGHES Zharnel,GBR,3,10.03,TIME
Men's 100m,Round 1 - Heat 8,M,Stade de France,1555554,GREENE Cejhae,ANT,4,10.17,TIME
Men's 100m,Round 1 - Heat 8,M,Stade de France,3544811,BORZOR Christopher,HAI,5,10.28,TIME
Men's 100m,Round 1 - Heat 8,M,Stade de France,1538504,CISSE Arthur,CIV,6,10.31,TIME
Men's 100m,Round 1 - Heat 8,M,Stade de France,1966034,MULAMBA Dominique Lasconi,COD,7,10.53,TIME
Men's 100m,Round 1 - Heat 8,M,Stade de France,1894539,KELETELA Dorian,EOR,8,10.58,TIME
Men's 100m,Round 1 - Heat 7,M,Stade de France,1960659,BEDNAREK Kenneth,USA,1,9.97,TIME
Men's 100m,Round 1 - Heat 7,M,Stade de France,1956016,ESEME Emmanuel,CMR,2,9.98,TIME
Men's 100m,Round 1 - Heat 7,M,Stade de France,1974096,De GRASSE Andre,CAN,3,10.07,TIME
Men's 100m,Round 1 - Heat 7,M,Stade de France,1897809,MATADI Emmanuel,LBR,4,10.08,TIME
Men's 100m,Round 1 - Heat 7,M,Stade de France,1921596,SAKAI Ryuichiro,JPN,5,10.17,TIME
Men's 100m,Round 1 - Heat 7,M,Stade de France,1552024,BIBI Gary Noa Jerrel,MRI,6,10.19,TIME
Men's 100m,Round 1 - Heat 7,M,Stade de France,1535506,LONGA Ronal,COL,7,10.29,TIME
Men's 100m,Round 1 - Heat 7,M,Stade de France,1950120,GONZALEZ Jose,DOM,8,10.4,TIME
Men's 100m,Round 1 - Heat 7,M,Stade de France,1536233,YASEEN Taha Hussein,IRQ,9,10.5,TIME
Men's 100m,Round 1 - Heat 4,M,Stade de France,1567483,SEVILLE Oblique,JAM,1,9.99,TIME
Men's 100m,Round 1 - Heat 4,M,Stade de France,1921599,SANI BROWN Abdul Hakim,JPN,2,10.02,TIME
Men's 100m,Round 1 - Heat 4,M,Stade de France,1927087,BOONSON Puripol,THA,3,10.13,TIME
Men's 100m,Round 1 - Heat 4,M,Stade de France,1969351,ASHE Favour Oghene Tejiri,NGR,4,10.16,TIME
Men's 100m,Round 1 - Heat 4,M,Stade de France,1974049,ASEMOTA Duan,CAN,5,10.17,TIME
Men's 100m,Round 1 - Heat 4,M,Stade de France,1981393,JONES Terrence,BAH,6,10.31,TIME
Men's 100m,Round 1 - Heat 4,M,Stade de France,1938524,SANTOS Marcos,ANG,7,10.4,TIME
Men's 100m,Round 1 - Heat 4,M,Stade de France,1557220,BURRAJ Franko,ALB,8,10.66,TIME
Men's 100m,Round 1 - Heat 4,M,Stade de France,1573019,WDOWIK Oliwer,POL,9,11.53,TIME
Men's 100m,Round 1 - Heat 5,M,Stade de France,1969332,AJAYI Kayinsola,NGR,1,10.02,TIME
Men's 100m,Round 1 - Heat 5,M,Stade de France,1552167,JACOBS Lamont Marcell,ITA,2,10.05,TIME
Men's 100m,Round 1 - Heat 5,M,Stade de France,1980783,SAMINU Abdul-Rasheed,GHA,3,10.06,TIME
Men's 100m,Round 1 - Heat 5,M,Stade de France,1981060,RICHARDSON Benjamin,RSA,4,10.06,TIME
Men's 100m,Round 1 - Heat 5,M,Stade de France,1536701,TAFTIAN Hassan,IRI,5,10.18,TIME
Men's 100m,Round 1 - Heat 5,M,Stade de France,4978819,HOWELL Davonte,CAY,6,10.24,TIME
Men's 100m,Round 1 - Heat 5,M,Stade de France,1569233,LARSSON Henrik,SWE,7,10.24,TIME
Men's 100m,Round 1 - Heat 5,M,Stade de France,1952123,CAMILO Paulo Andre,BRA,8,10.46,TIME
Men's 100m,Semi-Final 1,M,Stade de France,1567483,SEVILLE Oblique,JAM,1,9.81,TIME
Men's 100m,Semi-Final 1,M,Stade de France,1960173,LYLES Noah,USA,2,9.83,TIME
Men's 100m,Semi-Final 1,M,Stade de France,3557190,HINCHLIFFE Louie,GBR,3,9.97,TIME
Men's 100m,Semi-Final 1,M,Stade de France,1956016,ESEME Emmanuel,CMR,4,10,TIME
Men's 100m,Semi-Final 1,M,Stade de France,1981059,MASWANGANYI Shaun,RSA,5,10.02,TIME
Men's 100m,Semi-Final 1,M,Stade de France,1969351,ASHE Favour Oghene Tejiri,NGR,6,10.08,TIME
Men's 100m,Semi-Final 1,M,Stade de France,1552156,ALI Chituru,ITA,7,10.14,TIME
Men's 100m,Semi-Final 1,M,Stade de France,1567649,BRATHWAITE Rikkoi,IVB,8,10.15,TIME
Men's 100m,Semi-Final 1,M,Stade de France,1964967,AZAMATI Benjamin,GHA,9,10.17,TIME
Men's 100m,Semi-Final 3,M,Stade de France,1980161,THOMPSON Kishane,JAM,1,9.8,TIME
Men's 100m,Semi-Final 3,M,Stade de France,1960958,KERLEY Fred,USA,2,9.84,TIME
Men's 100m,Semi-Final 3,M,Stade de France,1981060,RICHARDSON Benjamin,RSA,3,9.95,TIME
Men's 100m,Semi-Final 3,M,Stade de France,1921599,SANI BROWN Abdul Hakim,JPN,4,9.96,TIME
Men's 100m,Semi-Final 3,M,Stade de France,1974096,De GRASSE Andre,CAN,5,9.98,TIME
Men's 100m,Semi-Final 3,M,Stade de France,1924431,HUGHES Zharnel,GBR,6,10.01,TIME
Men's 100m,Semi-Final 3,M,Stade de France,1980783,SAMINU Abdul-Rasheed,GHA,7,10.05,TIME
Men's 100m,Semi-Final 3,M,Stade de France,1928040,OMANYALA Ferdinand,KEN,8,10.08,TIME
Men's 100m,Semi-Final 3,M,Stade de France,1927087,BOONSON Puripol,THA,9,10.14,TIME
Men's 100m,Semi-Final 2,M,Stade de France,1981055,SIMBINE Akani,RSA,1,9.87,TIME
Men's 100m,Semi-Final 2,M,Stade de France,1936983,TEBOGO Letsile,BOT,2,9.91,TIME
Men's 100m,Semi-Final 2,M,Stade de France,1552167,JACOBS Lamont Marcell,ITA,3,9.92,TIME
Men's 100m,Semi-Final 2,M,Stade de France,1960659,BEDNAREK Kenneth,USA,4,9.93,TIME
Men's 100m,Semi-Final 2,M,Stade de France,1555502,BLAKE Ackeem,JAM,5,10.06,TIME
Men's 100m,Semi-Final 2,M,Stade de France,1969332,AJAYI Kayinsola,NGR,6,10.13,TIME
Men's 100m,Semi-Final 2,M,Stade de France,1920122,HARTMANN Joshua,GER,7,10.16,TIME
Men's 100m,Semi-Final 2,M,Stade de France,1897809,MATADI Emmanuel,LBR,8,10.18,TIME
Men's 100m,Semi-Final 2,M,Stade de France,1562839,ESPINOSA Reynaldo R.,CUB,9,10.21,TIME
Men's 100m,Final,M,Stade de France,1960173,LYLES Noah,USA,1,9.79,TIME
Men's 100m,Final,M,Stade de France,1980161,THOMPSON Kishane,JAM,2,9.79,TIME
Men's 100m,Final,M,Stade de France,1960958,KERLEY Fred,USA,3,9.81,TIME
Men's 100m,Final,M,Stade de France,1981055,SIMBINE Akani,RSA,4,9.82,TIME
Men's 100m,Final,M,Stade de France,1552167,JACOBS Lamont Marcell,ITA,5,9.85,TIME
Men's 100m,Final,M,Stade de France,1936983,TEBOGO Letsile,BOT,6,9.86,TIME
Men's 100m,Final,M,Stade de France,1960659,BEDNAREK Kenneth,USA,7,9.88,TIME
Men's 100m,Final,M,Stade de France,1567483,SEVILLE Oblique,JAM,8,9.91,TIME
Men's 110m Hurdles,Round 1 - Heat 5,M,Stade de France,1960961,HOLLOWAY Grant,USA,1,13.01,TIME
Men's 110m Hurdles,Round 1 - Heat 5,M,Stade de France,1901251,BROADBELL Rasheed,JAM,2,13.42,TIME
Men's 110m Hurdles,Round 1 - Heat 5,M,Stade de France,1911800,ZHOYA Sasha,FRA,3,13.43,TIME
Men's 110m Hurdles,Round 1 - Heat 5,M,Stade de France,1921771,TAKAYAMA Shunya,JPN,4,13.46,TIME
Men's 110m Hurdles,Round 1 - Heat 5,M,Stade de France,1939864,WILLIS Tayleb,AUS,5,13.63,TIME
Men's 110m Hurdles,Round 1 - Heat 5,M,Stade de France,1919026,QIN Weibo,CHN,6,13.64,TIME
Men's 110m Hurdles,Round 1 - Heat 5,M,Stade de France,1904332,LAKKA Elmo,FIN,7,13.84,TIME
Men's 110m Hurdles,Round 1 - Heat 1,M,Stade de France,1921545,MURATAKE Rachid,JPN,1,13.22,TIME
Men's 110m Hurdles,Round 1 - Heat 1,M,Stade de France,1904157,LLOPIS Enrique,ESP,2,13.28,TIME
Men's 110m Hurdles,Round 1 - Heat 1,M,Stade de France,1951948,RODRIGUES Eduardo,BRA,3,13.37,TIME
Men's 110m Hurdles,Round 1 - Heat 1,M,Stade de France,1920412,MORDI Manuel,GER,4,13.48,TIME
Men's 110m Hurdles,Round 1 - Heat 1,M,Stade de France,1911855,MOHAMED Raphael,FRA,5,13.61,TIME
Men's 110m Hurdles,Round 1 - Heat 1,M,Stade de France,1981602,CABANG John,PHI,6,13.66,TIME
Men's 110m Hurdles,Round 1 - Heat 1,M,Stade de France,1573015,SZYMANSKI Jakub,POL,7,13.75,TIME
Men's 110m Hurdles,Round 1 - Heat 1,M,Stade de France,1933316,SAENZ de SANTA MARIA Martin,CHI,8,13.83,TIME
Men's 110m Hurdles,Round 1 - Heat 2,M,Stade de France,1560182,MENDY Louis Francois,SEN,1,13.31,TIME
Men's 110m Hurdles,Round 1 - Heat 2,M,Stade de France,1563011,BENNETT Orlando,JAM,2,13.35,TIME
Men's 110m Hurdles,Round 1 - Heat 2,M,Stade de France,1895586,OBASUYI Michael,BEL,3,13.41,TIME
Men's 110m Hurdles,Round 1 - Heat 2,M,Stade de France,1904166,MARTINEZ Asier,ESP,4,13.47,TIME
Men's 110m Hurdles,Round 1 - Heat 2,M,Stade de France,1963584,BOUANANI Amine,ALG,5,13.58,TIME
Men's 110m Hurdles,Round 1 - Heat 2,M,Stade de France,1563781,DIESSL Enzo,AUT,6,13.63,TIME
Men's 110m Hurdles,Round 1 - Heat 2,M,Stade de France,1933512,YEFREMOV David,KAZ,7,13.88,TIME
Men's 110m Hurdles,Round 1 - Heat 2,M,Stade de France,1960146,CRITTENDEN Freddie,USA,8,18.27,TIME
Men's 110m Hurdles,Repechage - Heat 1,M,Stade de France,1960146,CRITTENDEN Freddie,USA,1,13.42,TIME
Men's 110m Hurdles,Repechage - Heat 1,M,Stade de France,1904166,MARTINEZ Asier,ESP,2,13.46,TIME
Men's 110m Hurdles,Repechage - Heat 1,M,Stade de France,1919024,LIU Junxi,CHN,3,13.52,TIME
Men's 110m Hurdles,Repechage - Heat 1,M,Stade de France,1563781,DIESSL Enzo,AUT,4,13.56,TIME
Men's 110m Hurdles,Repechage - Heat 1,M,Stade de France,1974324,THORNE Craig,CAN,5,13.62,TIME
Men's 110m Hurdles,Repechage - Heat 1,M,Stade de France,1573102,KILJAN Krzysztof,POL,6,13.73,TIME
Men's 110m Hurdles,Repechage - Heat 1,M,Stade de France,1904332,LAKKA Elmo,FIN,7,13.75,TIME
Men's 110m Hurdles,Repechage - Heat 3,M,Stade de France,1919026,QIN Weibo,CHN,1,13.44,TIME
Men's 110m Hurdles,Repechage - Heat 3,M,Stade de France,1910634,BELOCIAN Wilhem,FRA,2,13.45,TIME
Men's 110m Hurdles,Repechage - Heat 3,M,Stade de France,1921771,TAKAYAMA Shunya,JPN,3,13.45,TIME
Men's 110m Hurdles,Repechage - Heat 3,M,Stade de France,1573015,SZYMANSKI Jakub,POL,4,13.63,TIME
Men's 110m Hurdles,Repechage - Heat 3,M,Stade de France,1939864,WILLIS Tayleb,AUS,5,13.67,TIME
Men's 110m Hurdles,Repechage - Heat 3,M,Stade de France,1933316,SAENZ de SANTA MARIA Martin,CHI,6,13.95,TIME
Men's 110m Hurdles,Repechage - Heat 3,M,Stade de France,1895553,BACARI Elie,BEL,7,14.13,TIME
Men's 110m Hurdles,Round 1 - Heat 4,M,Stade de France,1977667,JOSEPH Jason,SUI,1,13.26,TIME
Men's 110m Hurdles,Round 1 - Heat 4,M,Stade de France,1568468,SIMONELLI Lorenzo Ndele,ITA,2,13.27,TIME
Men's 110m Hurdles,Round 1 - Heat 4,M,Stade de France,1919880,IZUMIYA Shunsuke,JPN,3,13.27,TIME
Men's 110m Hurdles,Round 1 - Heat 4,M,Stade de France,1924471,OJORA Tade,GBR,4,13.35,TIME
Men's 110m Hurdles,Round 1 - Heat 4,M,Stade de France,1910634,BELOCIAN Wilhem,FRA,5,13.48,TIME
Men's 110m Hurdles,Round 1 - Heat 4,M,Stade de France,1919024,LIU Junxi,CHN,6,13.54,TIME
Men's 110m Hurdles,Round 1 - Heat 4,M,Stade de France,1895553,BACARI Elie,BEL,7,13.66,TIME
Men's 110m Hurdles,Round 1 - Heat 4,M,Stade de France,1573064,CZYKIER Damian,POL,8,13.99,TIME
Men's 110m Hurdles,Round 1 - Heat 3,M,Stade de France,1919029,XU Zhuoyi,CHN,1,13.4,TIME
Men's 110m Hurdles,Round 1 - Heat 3,M,Stade de France,1908169,ANDREWS Antoine,BAH,2,13.43,TIME
Men's 110m Hurdles,Round 1 - Heat 3,M,Stade de France,1965223,ROBERTS Daniel,USA,3,13.43,TIME
Men's 110m Hurdles,Round 1 - Heat 3,M,Stade de France,1561773,TRAJKOVIC Milan,CYP,4,13.43,TIME
Men's 110m Hurdles,Round 1 - Heat 3,M,Stade de France,1567466,PARCHMENT Hansle,JAM,5,13.43,TIME
Men's 110m Hurdles,Round 1 - Heat 3,M,Stade de France,1952134,PEREIRA Rafael,BRA,6,13.47,TIME
Men's 110m Hurdles,Round 1 - Heat 3,M,Stade de France,1974324,THORNE Craig,CAN,7,13.6,TIME
Men's 110m Hurdles,Round 1 - Heat 3,M,Stade de France,1573102,KILJAN Krzysztof,POL,8,13.67,TIME
Men's 110m Hurdles,Repechage - Heat 2,M,Stade de France,1952134,PEREIRA Rafael,BRA,1,13.54,TIME
Men's 110m Hurdles,Repechage - Heat 2,M,Stade de France,1911855,MOHAMED Raphael,FRA,2,13.54,TIME
Men's 110m Hurdles,Repechage - Heat 2,M,Stade de France,1963584,BOUANANI Amine,ALG,3,13.54,TIME
Men's 110m Hurdles,Repechage - Heat 2,M,Stade de France,1920412,MORDI Manuel,GER,4,13.55,TIME
Men's 110m Hurdles,Repechage - Heat 2,M,Stade de France,1573064,CZYKIER Damian,POL,5,13.71,TIME
Men's 110m Hurdles,Semi-Final 2,M,Stade de France,1901251,BROADBELL Rasheed,JAM,1,13.21,TIME
Men's 110m Hurdles,Semi-Final 2,M,Stade de France,1960146,CRITTENDEN Freddie,USA,2,13.23,TIME
Men's 110m Hurdles,Semi-Final 2,M,Stade de France,1560182,MENDY Louis Francois,SEN,3,13.34,TIME
Men's 110m Hurdles,Semi-Final 2,M,Stade de France,1911800,ZHOYA Sasha,FRA,3,13.34,TIME
Men's 110m Hurdles,Semi-Final 2,M,Stade de France,1568468,SIMONELLI Lorenzo Ndele,ITA,5,13.38,TIME
Men's 110m Hurdles,Semi-Final 2,M,Stade de France,1977667,JOSEPH Jason,SUI,6,13.43,TIME
Men's 110m Hurdles,Semi-Final 2,M,Stade de France,1924471,OJORA Tade,GBR,7,13.47,TIME
Men's 110m Hurdles,Semi-Final 2,M,Stade de France,1952134,PEREIRA Rafael,BRA,8,13.87,TIME
Men's 110m Hurdles,Semi-Final 3,M,Stade de France,1563011,BENNETT Orlando,JAM,1,13.09,TIME
Men's 110m Hurdles,Semi-Final 3,M,Stade de France,1965223,ROBERTS Daniel,USA,2,13.1,TIME
Men's 110m Hurdles,Semi-Final 3,M,Stade de France,1919880,IZUMIYA Shunsuke,JPN,3,13.32,TIME
Men's 110m Hurdles,Semi-Final 3,M,Stade de France,1561773,TRAJKOVIC Milan,CYP,3,13.32,TIME
Men's 110m Hurdles,Semi-Final 3,M,Stade de France,1904166,MARTINEZ Asier,ESP,5,13.35,TIME
Men's 110m Hurdles,Semi-Final 3,M,Stade de France,1951948,RODRIGUES Eduardo,BRA,6,13.44,TIME
Men's 110m Hurdles,Semi-Final 3,M,Stade de France,1919029,XU Zhuoyi,CHN,7,13.48,TIME
Men's 110m Hurdles,Semi-Final 3,M,Stade de France,1910634,BELOCIAN Wilhem,FRA,8,13.52,TIME
Men's 110m Hurdles,Semi-Final 1,M,Stade de France,1960961,HOLLOWAY Grant,USA,1,12.98,TIME
Men's 110m Hurdles,Semi-Final 1,M,Stade de France,1904157,LLOPIS Enrique,ESP,2,13.17,TIME
Men's 110m Hurdles,Semi-Final 1,M,Stade de France,1567466,PARCHMENT Hansle,JAM,3,13.19,TIME
Men's 110m Hurdles,Semi-Final 1,M,Stade de France,1921545,MURATAKE Rachid,JPN,4,13.26,TIME
Men's 110m Hurdles,Semi-Final 1,M,Stade de France,1895586,OBASUYI Michael,BEL,5,13.36,TIME
Men's 110m Hurdles,Semi-Final 1,M,Stade de France,1919026,QIN Weibo,CHN,6,13.41,TIME
Men's 110m Hurdles,Semi-Final 1,M,Stade de France,1911855,MOHAMED Raphael,FRA,7,13.41,TIME
Men's 110m Hurdles,Semi-Final 1,M,Stade de France,1908169,ANDREWS Antoine,BAH,8,13.43,TIME
Men's 110m Hurdles,Final,M,Stade de France,1960961,HOLLOWAY Grant,USA,1,12.99,TIME
Men's 110m Hurdles,Final,M,Stade de France,1965223,ROBERTS Daniel,USA,2,13.09,TIME
Men's 110m Hurdles,Final,M,Stade de France,1901251,BROADBELL Rasheed,JAM,3,13.09,TIME
Men's 110m Hurdles,Final,M,Stade de France,1904157,LLOPIS Enrique,ESP,4,13.2,TIME
Men's 110m Hurdles,Final,M,Stade de France,1921545,MURATAKE Rachid,JPN,5,13.21,TIME
Men's 110m Hurdles,Final,M,Stade de France,1960146,CRITTENDEN Freddie,USA,6,13.32,TIME
Men's 110m Hurdles,Final,M,Stade de France,1563011,BENNETT Orlando,JAM,7,13.34,TIME
Men's 110m Hurdles,Final,M,Stade de France,1567466,PARCHMENT Hansle,JAM,8,13.39,TIME
Men's 200m,Round 1 - Heat 1,M,Stade de France,1897817,FAHNBULLEH Joseph,LBR,1,20.2,TIME
Men's 200m,Round 1 - Heat 1,M,Stade de France,1552162,DESALU Eseosa Fostine,ITA,2,20.26,TIME
Men's 200m,Round 1 - Heat 1,M,Stade de France,1981061,van NIEKERK Wayde,RSA,3,20.42,TIME
Men's 200m,Round 1 - Heat 1,M,Stade de France,1911990,ZEZE Ryan,FRA,4,20.49,TIME
Men's 200m,Round 1 - Heat 1,M,Stade de France,1977882,SVENSSON Felix,SUI,5,20.54,TIME
Men's 200m,Round 1 - Heat 1,M,Stade de France,1539547,TRAORE Cheickna,CIV,6,20.54,TIME
Men's 200m,Round 1 - Heat 1,M,Stade de France,1939738,LAW Calab,AUS,7,20.75,TIME
Men's 200m,Round 1 - Heat 1,M,Stade de France,1573107,KOMANSKI Albert,POL,8,20.77,TIME
Men's 200m,Round 1 - Heat 2,M,Stade de France,1971717,OROGOT Tarsis Gracious,UGA,1,20.32,TIME
Men's 200m,Round 1 - Heat 2,M,Stade de France,1981766,McCOY Wanya,BAH,2,20.35,TIME
Men's 200m,Round 1 - Heat 2,M,Stade de France,1952132,CORREA Renan,BRA,3,20.41,TIME
Men's 200m,Round 1 - Heat 2,M,Stade de France,1912876,HUDSON Andrew,JAM,4,20.53,TIME
Men's 200m,Round 1 - Heat 2,M,Stade de France,1928574,ONWUZURIKE Udodi Chudi,NGR,5,20.55,TIME
Men's 200m,Round 1 - Heat 2,M,Stade de France,1547788,ALMIRON Cesar,PAR,6,20.87,TIME
Men's 200m,Round 1 - Heat 2,M,Stade de France,1892136,NEMEJC Tomas,CZE,7,21.03,TIME
Men's 200m,Round 1 - Heat 4,M,Stade de France,1960659,BEDNAREK Kenneth,USA,1,19.96,TIME
Men's 200m,Round 1 - Heat 4,M,Stade de France,1966346,OGANDO Alexander,DOM,2,20.04,TIME
Men's 200m,Round 1 - Heat 4,M,Stade de France,1920122,HARTMANN Joshua,GER,3,20.3,TIME
Men's 200m,Round 1 - Heat 4,M,Stade de France,1568487,PETTOROSSI Diego Aldo,ITA,4,20.63,TIME
Men's 200m,Round 1 - Heat 4,M,Stade de France,1919847,IIZUKA Shota,JPN,5,20.67,TIME
Men's 200m,Round 1 - Heat 4,M,Stade de France,1892128,MACIK Ondrej,CZE,6,21.04,TIME
Men's 200m,Round 1 - Heat 5,M,Stade de France,1965226,KNIGHTON Erriyon,USA,1,19.99,TIME
Men's 200m,Round 1 - Heat 5,M,Stade de France,1909472,MAKARAWU Tapiwanashe,ZIM,2,20.07,TIME
Men's 200m,Round 1 - Heat 5,M,Stade de France,1981059,MASWANGANYI Shaun,RSA,3,20.2,TIME
Men's 200m,Round 1 - Heat 5,M,Stade de France,1974072,BROWN Aaron,CAN,4,20.36,TIME
Men's 200m,Round 1 - Heat 5,M,Stade de France,4977456,KERR Ian,BAH,5,20.53,TIME
Men's 200m,Round 1 - Heat 5,M,Stade de France,1911843,MATEO Pablo,FRA,6,20.58,TIME
Men's 200m,Round 1 - Heat 5,M,Stade de France,1569347,ERLANDSSON Erik,SWE,7,20.65,TIME
Men's 200m,Round 1 - Heat 5,M,Stade de France,1892127,KUBELIK Eduard,CZE,8,21.14,TIME
Men's 200m,Round 1 - Heat 6,M,Stade de France,1960173,LYLES Noah,USA,1,20.19,TIME
Men's 200m,Round 1 - Heat 6,M,Stade de France,1974096,De GRASSE Andre,CAN,2,20.3,TIME
Men's 200m,Round 1 - Heat 6,M,Stade de France,1921833,UZAWA Towa,JPN,3,20.33,TIME
Men's 200m,Round 1 - Heat 6,M,Stade de France,1913118,LEVELL Bryan,JAM,4,20.47,TIME
Men's 200m,Round 1 - Heat 6,M,Stade de France,1571815,AFRIFAH Blessing Akwasi,ISR,5,20.78,TIME
Men's 200m,Round 1 - Heat 6,M,Stade de France,1564692,YANG Chun-Han,TPE,6,20.83,TIME
Men's 200m,Round 1 - Heat 6,M,Stade de France,1977788,REAIS William,SUI,7,20.92,TIME
Men's 200m,Round 1 - Heat 3,M,Stade de France,1936983,TEBOGO Letsile,BOT,1,20.1,TIME
Men's 200m,Round 1 - Heat 3,M,Stade de France,1920805,CHARAMBA Makanakaishe,ZIM,2,20.27,TIME
Men's 200m,Round 1 - Heat 3,M,Stade de France,1552298,TORTU Filippo,ITA,3,20.29,TIME
Men's 200m,Round 1 - Heat 3,M,Stade de France,1974289,RODNEY Brendon,CAN,4,20.3,TIME
Men's 200m,Round 1 - Heat 3,M,Stade de France,1977765,MUMENTHALER Timothe,SUI,5,20.63,TIME
Men's 200m,Round 1 - Heat 3,M,Stade de France,1921818,UEYAMA Koki,JPN,6,20.84,TIME
Men's 200m,Round 1 - Heat 3,M,Stade de France,1981060,RICHARDSON Benjamin,RSA,7,51.86,TIME
Men's 200m,Repechage - Heat 1,M,Stade de France,1928574,ONWUZURIKE Udodi Chudi,NGR,1,20.51,TIME
Men's 200m,Repechage - Heat 1,M,Stade de France,1568487,PETTOROSSI Diego Aldo,ITA,2,20.53,TIME
Men's 200m,Repechage - Heat 1,M,Stade de France,1977765,MUMENTHALER Timothe,SUI,3,20.67,TIME
Men's 200m,Repechage - Heat 1,M,Stade de France,1919847,IIZUKA Shota,JPN,4,20.72,TIME
Men's 200m,Repechage - Heat 1,M,Stade de France,1892128,MACIK Ondrej,CZE,5,21.14,TIME
Men's 200m,Repechage - Heat 3,M,Stade de France,1911990,ZEZE Ryan,FRA,1,20.4,TIME
Men's 200m,Repechage - Heat 3,M,Stade de France,1974072,BROWN Aaron,CAN,2,20.42,TIME
Men's 200m,Repechage - Heat 3,M,Stade de France,1564692,YANG Chun-Han,TPE,3,20.73,TIME
Men's 200m,Repechage - Heat 3,M,Stade de France,1571815,AFRIFAH Blessing Akwasi,ISR,4,20.88,TIME
Men's 200m,Repechage - Heat 3,M,Stade de France,1573107,KOMANSKI Albert,POL,5,20.9,TIME
Men's 200m,Repechage - Heat 3,M,Stade de France,1892127,KUBELIK Eduard,CZE,6,21.2,TIME
Men's 200m,Repechage - Heat 2,M,Stade de France,1974289,RODNEY Brendon,CAN,1,20.42,TIME
Men's 200m,Repechage - Heat 2,M,Stade de France,1913118,LEVELL Bryan,JAM,2,20.47,TIME
Men's 200m,Repechage - Heat 2,M,Stade de France,1911843,MATEO Pablo,FRA,3,20.57,TIME
Men's 200m,Repechage - Heat 2,M,Stade de France,1921818,UEYAMA Koki,JPN,4,20.92,TIME
Men's 200m,Repechage - Heat 4,M,Stade de France,1569347,ERLANDSSON Erik,SWE,1,20.49,TIME
Men's 200m,Repechage - Heat 4,M,Stade de France,1912876,HUDSON Andrew,JAM,2,20.55,TIME
Men's 200m,Repechage - Heat 4,M,Stade de France,4977456,KERR Ian,BAH,3,20.6,TIME
Men's 200m,Repechage - Heat 4,M,Stade de France,1977882,SVENSSON Felix,SUI,4,20.65,TIME
Men's 200m,Repechage - Heat 4,M,Stade de France,1892136,NEMEJC Tomas,CZE,5,20.84,TIME
Men's 200m,Semi-Final 1,M,Stade de France,1960659,BEDNAREK Kenneth,USA,1,20,TIME
Men's 200m,Semi-Final 1,M,Stade de France,1966346,OGANDO Alexander,DOM,2,20.09,TIME
Men's 200m,Semi-Final 1,M,Stade de France,1974096,De GRASSE Andre,CAN,3,20.41,TIME
Men's 200m,Semi-Final 1,M,Stade de France,1981059,MASWANGANYI Shaun,RSA,4,20.42,TIME
Men's 200m,Semi-Final 1,M,Stade de France,1981766,McCOY Wanya,BAH,5,20.61,TIME
Men's 200m,Semi-Final 1,M,Stade de France,1971717,OROGOT Tarsis Gracious,UGA,6,20.64,TIME
Men's 200m,Semi-Final 1,M,Stade de France,1911990,ZEZE Ryan,FRA,7,20.81,TIME
Men's 200m,Semi-Final 1,M,Stade de France,1913118,LEVELL Bryan,JAM,8,20.93,TIME
Men's 200m,Semi-Final 2,M,Stade de France,1936983,TEBOGO Letsile,BOT,1,19.96,TIME
Men's 200m,Semi-Final 2,M,Stade de France,1960173,LYLES Noah,USA,2,20.08,TIME
Men's 200m,Semi-Final 2,M,Stade de France,1920805,CHARAMBA Makanakaishe,ZIM,3,20.31,TIME
Men's 200m,Semi-Final 2,M,Stade de France,1552162,DESALU Eseosa Fostine,ITA,4,20.37,TIME
Men's 200m,Semi-Final 2,M,Stade de France,1920122,HARTMANN Joshua,GER,5,20.47,TIME
Men's 200m,Semi-Final 2,M,Stade de France,1921833,UZAWA Towa,JPN,6,20.54,TIME
Men's 200m,Semi-Final 2,M,Stade de France,1974072,BROWN Aaron,CAN,7,20.57,TIME
Men's 200m,Semi-Final 2,M,Stade de France,1569347,ERLANDSSON Erik,SWE,8,20.93,TIME
Men's 200m,Semi-Final 3,M,Stade de France,1965226,KNIGHTON Erriyon,USA,1,20.09,TIME
Men's 200m,Semi-Final 3,M,Stade de France,1897817,FAHNBULLEH Joseph,LBR,2,20.12,TIME
Men's 200m,Semi-Final 3,M,Stade de France,1909472,MAKARAWU Tapiwanashe,ZIM,3,20.16,TIME
Men's 200m,Semi-Final 3,M,Stade de France,1552298,TORTU Filippo,ITA,4,20.54,TIME
Men's 200m,Semi-Final 3,M,Stade de France,1974289,RODNEY Brendon,CAN,5,20.59,TIME
Men's 200m,Semi-Final 3,M,Stade de France,1952132,CORREA Renan,BRA,6,20.6,TIME
Men's 200m,Semi-Final 3,M,Stade de France,1928574,ONWUZURIKE Udodi Chudi,NGR,7,20.72,TIME
Men's 200m,Semi-Final 3,M,Stade de France,1981061,van NIEKERK Wayde,RSA,7,20.72,TIME
Men's 200m,Final,M,Stade de France,1936983,TEBOGO Letsile,BOT,1,19.46,TIME
Men's 200m,Final,M,Stade de France,1960659,BEDNAREK Kenneth,USA,2,19.62,TIME
Men's 200m,Final,M,Stade de France,1960173,LYLES Noah,USA,3,19.7,TIME
Men's 200m,Final,M,Stade de France,1965226,KNIGHTON Erriyon,USA,4,19.99,TIME
Men's 200m,Final,M,Stade de France,1966346,OGANDO Alexander,DOM,5,20.02,TIME
Men's 200m,Final,M,Stade de France,1909472,MAKARAWU Tapiwanashe,ZIM,6,20.1,TIME
Men's 200m,Final,M,Stade de France,1897817,FAHNBULLEH Joseph,LBR,7,20.15,TIME
Men's 200m,Final,M,Stade de France,1920805,CHARAMBA Makanakaishe,ZIM,8,20.53,TIME
Men's 4 x 100m Relay,Round 1 - Heat 2,M,Stade de France,ATHM4X100M--CHN01,People's Republic of China,CHN,1,38.24,TIME
Men's 4 x 100m Relay,Round 1 - Heat 2,M,Stade de France,ATHM4X100M--FRA01,France,FRA,2,38.34,TIME
Men's 4 x 100m Relay,Round 1 - Heat 2,M,Stade de France,ATHM4X100M--CAN01,Canada,CAN,3,38.39,TIME
Men's 4 x 100m Relay,Round 1 - Heat 2,M,Stade de France,ATHM4X100M--JAM01,Jamaica,JAM,4,38.45,TIME
Men's 4 x 100m Relay,Round 1 - Heat 2,M,Stade de France,ATHM4X100M--GER01,Germany,GER,5,38.53,TIME
Men's 4 x 100m Relay,Round 1 - Heat 2,M,Stade de France,ATHM4X100M--BRA01,Brazil,BRA,6,38.73,TIME
Men's 4 x 100m Relay,Round 1 - Heat 2,M,Stade de France,ATHM4X100M--LBR01,Liberia,LBR,7,38.97,TIME
Men's 4 x 100m Relay,Round 1 - Heat 1,M,Stade de France,ATHM4X100M--USA01,United States of America,USA,1,37.47,TIME
Men's 4 x 100m Relay,Round 1 - Heat 1,M,Stade de France,ATHM4X100M--RSA01,South Africa,RSA,2,37.94,TIME
Men's 4 x 100m Relay,Round 1 - Heat 1,M,Stade de France,ATHM4X100M--GBR01,Great Britain,GBR,3,38.04,TIME
Men's 4 x 100m Relay,Round 1 - Heat 1,M,Stade de France,ATHM4X100M--JPN01,Japan,JPN,4,38.06,TIME
Men's 4 x 100m Relay,Round 1 - Heat 1,M,Stade de France,ATHM4X100M--ITA01,Italy,ITA,5,38.07,TIME
Men's 4 x 100m Relay,Round 1 - Heat 1,M,Stade de France,ATHM4X100M--AUS01,Australia,AUS,6,38.12,TIME
Men's 4 x 100m Relay,Round 1 - Heat 1,M,Stade de France,ATHM4X100M--NGR01,Nigeria,NGR,7,38.2,TIME
Men's 4 x 100m Relay,Round 1 - Heat 1,M,Stade de France,ATHM4X100M--NED01,Netherlands,NED,8,38.48,TIME
Men's 4 x 100m Relay,Final,M,Stade de France,ATHM4X100M--CAN01,Canada,CAN,1,37.5,TIME
Men's 4 x 100m Relay,Final,M,Stade de France,ATHM4X100M--RSA01,South Africa,RSA,2,37.57,TIME
Men's 4 x 100m Relay,Final,M,Stade de France,ATHM4X100M--GBR01,Great Britain,GBR,3,37.61,TIME
Men's 4 x 100m Relay,Final,M,Stade de France,ATHM4X100M--ITA01,Italy,ITA,4,37.68,TIME
Men's 4 x 100m Relay,Final,M,Stade de France,ATHM4X100M--JPN01,Japan,JPN,5,37.78,TIME
Men's 4 x 100m Relay,Final,M,Stade de France,ATHM4X100M--FRA01,France,FRA,6,37.81,TIME
Men's 4 x 100m Relay,Final,M,Stade de France,ATHM4X100M--CHN01,People's Republic of China,CHN,7,38.06,TIME
Men's 400m,Round 1 - Heat 1,M,Stade de France,1924430,HUDSON-SMITH Matthew,GBR,1,44.78,TIME
Men's 400m,Round 1 - Heat 1,M,Stade de France,1960604,BAILEY Christopher,USA,2,44.89,TIME
Men's 400m,Round 1 - Heat 1,M,Stade de France,1878368,INGVALDSEN Havard Bentdal,NOR,3,45.46,TIME
Men's 400m,Round 1 - Heat 1,M,Stade de France,1929428,OKEZIE Chidi,NGR,4,45.52,TIME
Men's 400m,Round 1 - Heat 1,M,Stade de France,1921607,SATO Kentaro,JPN,5,45.6,TIME
Men's 400m,Round 1 - Heat 1,M,Stade de France,1571562,POHORILKO Oleksandr,UKR,6,45.71,TIME
Men's 400m,Round 1 - Heat 1,M,Stade de France,1912080,WATKIN Deandre,JAM,7,45.97,TIME
Men's 400m,Round 1 - Heat 2,M,Stade de France,1965289,NORMAN Michael,USA,1,44.1,TIME
Men's 400m,Round 1 - Heat 2,M,Stade de France,1911407,RICHARDS Jereem,TTO,2,44.31,TIME
Men's 400m,Round 1 - Heat 2,M,Stade de France,1950939,KEBINATSHIPI Busang Collen,BOT,3,44.45,TIME
Men's 400m,Round 1 - Heat 2,M,Stade de France,1566689,YAHIA IBRAHIM Ammar Ismail,QAT,4,44.66,TIME
Men's 400m,Round 1 - Heat 2,M,Stade de France,1900497,BAILEY Sean,JAM,5,44.68,TIME
Men's 400m,Round 1 - Heat 2,M,Stade de France,1920683,MOLNAR Attila,HUN,6,45.24,TIME
Men's 400m,Round 1 - Heat 2,M,Stade de France,1543446,ZAMBRANO Anthony Jose,COL,7,45.49,TIME
Men's 400m,Round 1 - Heat 2,M,Stade de France,1537331,JOSEPH Michael,LCA,8,45.69,TIME
Men's 400m,Round 1 - Heat 3,M,Stade de France,1937531,SAMUKONGA Muzala,ZAM,1,44.56,TIME
Men's 400m,Round 1 - Heat 3,M,Stade de France,1950897,NDORI Bayapo,BOT,2,44.87,TIME
Men's 400m,Round 1 - Heat 3,M,Stade de France,1552296,SITO Luca,ITA,3,44.99,TIME
Men's 400m,Round 1 - Heat 3,M,Stade de France,1920092,BREDAU Jean Paul,GER,4,45.07,TIME
Men's 400m,Round 1 - Heat 3,M,Stade de France,1895555,BORLEE Dylan,BEL,5,45.36,TIME
Men's 400m,Round 1 - Heat 3,M,Stade de France,1921553,NAKAJIMA Yuki Joseph,JPN,6,45.37,TIME
Men's 400m,Round 1 - Heat 3,M,Stade de France,1981067,PILLAY Lythe,RSA,7,45.6,TIME
Men's 400m,Round 1 - Heat 3,M,Stade de France,1892126,KRSEK Matej,CZE,8,45.71,TIME
Men's 400m,Round 1 - Heat 4,M,Stade de France,1960177,HALL Quincy,USA,1,44.28,TIME
Men's 400m,Round 1 - Heat 4,M,Stade de France,1986723,OGAZI Samuel,NGR,2,44.5,TIME
Men's 400m,Round 1 - Heat 4,M,Stade de France,1939847,HOLDER Reece,AUS,3,44.53,TIME
Men's 400m,Round 1 - Heat 4,M,Stade de France,1895590,SACOOR Jonathan,BEL,4,45.08,TIME
Men's 400m,Round 1 - Heat 4,M,Stade de France,1966346,OGANDO Alexander,DOM,5,45.11,TIME
Men's 400m,Round 1 - Heat 4,M,Stade de France,1537538,LARREGINA Elian,ARG,6,47.8,TIME
Men's 400m,Round 1 - Heat 5,M,Stade de France,1564964,JAMES Kirani,GRN,1,44.78,TIME
Men's 400m,Round 1 - Heat 5,M,Stade de France,1974208,MORALES-WILLIAMS Christopher,CAN,2,44.96,TIME
Men's 400m,Round 1 - Heat 5,M,Stade de France,1996131,SINGHAPURAGE Aruna Dharshana,SRI,3,44.99,TIME
Men's 400m,Round 1 - Heat 5,M,Stade de France,1981066,NENE Zakithi,RSA,4,45.01,TIME
Men's 400m,Round 1 - Heat 5,M,Stade de France,1950918,SCOTCH Leungo,BOT,5,45.28,TIME
Men's 400m,Round 1 - Heat 5,M,Stade de France,1977868,SPITZ Lionel,SUI,6,45.81,TIME
Men's 400m,Round 1 - Heat 5,M,Stade de France,1952028,CARVALHO Lucas,BRA,7,45.85,TIME
Men's 400m,Round 1 - Heat 5,M,Stade de France,1552177,RE Davide,ITA,8,46.74,TIME
Men's 400m,Round 1 - Heat 6,M,Stade de France,1924409,DOBSON Charles,GBR,1,44.96,TIME
Men's 400m,Round 1 - Heat 6,M,Stade de France,1895568,DOOM Alexander,BEL,2,45.01,TIME
Men's 400m,Round 1 - Heat 6,M,Stade de France,1938903,POWELL Jevaughn,JAM,3,45.12,TIME
Men's 400m,Round 1 - Heat 6,M,Stade de France,1938765,COELHO Joao,POR,4,45.35,TIME
Men's 400m,Round 1 - Heat 6,M,Stade de France,1953070,DIOUF Cheikh Tidiane,SEN,5,45.59,TIME
Men's 400m,Round 1 - Heat 6,M,Stade de France,1921605,SATO Fuga,JPN,6,46.13,TIME
Men's 400m,Round 1 - Heat 6,M,Stade de France,1910644,BIRON Gilles,FRA,7,46.19,TIME
Men's 400m,Repechage - Heat 1,M,Stade de France,1537538,LARREGINA Elian,ARG,1,45.36,TIME
Men's 400m,Repechage - Heat 1,M,Stade de France,1910644,BIRON Gilles,FRA,2,45.87,TIME
Men's 400m,Repechage - Heat 1,M,Stade de France,1952028,CARVALHO Lucas,BRA,3,46.25,TIME
Men's 400m,Repechage - Heat 2,M,Stade de France,1981067,PILLAY Lythe,RSA,1,45.4,TIME
Men's 400m,Repechage - Heat 2,M,Stade de France,1892126,KRSEK Matej,CZE,2,45.53,TIME
Men's 400m,Repechage - Heat 2,M,Stade de France,1571562,POHORILKO Oleksandr,UKR,3,45.59,TIME
Men's 400m,Repechage - Heat 2,M,Stade de France,1537331,JOSEPH Michael,LCA,4,45.64,TIME
Men's 400m,Repechage - Heat 2,M,Stade de France,1929428,OKEZIE Chidi,NGR,5,45.92,TIME
Men's 400m,Repechage - Heat 3,M,Stade de France,1981066,NENE Zakithi,RSA,1,44.81,TIME
Men's 400m,Repechage - Heat 3,M,Stade de France,1950918,SCOTCH Leungo,BOT,2,45.33,TIME
Men's 400m,Repechage - Heat 3,M,Stade de France,1920683,MOLNAR Attila,HUN,3,45.45,TIME
Men's 400m,Repechage - Heat 3,M,Stade de France,1977868,SPITZ Lionel,SUI,4,45.51,TIME
Men's 400m,Repechage - Heat 4,M,Stade de France,1566689,YAHIA IBRAHIM Ammar Ismail,QAT,1,44.77,TIME
Men's 400m,Repechage - Heat 4,M,Stade de France,1953070,DIOUF Cheikh Tidiane,SEN,2,45.03,TIME
Men's 400m,Repechage - Heat 4,M,Stade de France,1920092,BREDAU Jean Paul,GER,3,45.4,TIME
Men's 400m,Repechage - Heat 4,M,Stade de France,1895555,BORLEE Dylan,BEL,4,45.51,TIME
Men's 400m,Repechage - Heat 4,M,Stade de France,1938765,COELHO Joao,POR,5,45.64,TIME
Men's 400m,Semi-Final 1,M,Stade de France,1960177,HALL Quincy,USA,1,43.95,TIME
Men's 400m,Semi-Final 1,M,Stade de France,1911407,RICHARDS Jereem,TTO,2,44.33,TIME
Men's 400m,Semi-Final 1,M,Stade de France,1950939,KEBINATSHIPI Busang Collen,BOT,3,44.43,TIME
Men's 400m,Semi-Final 1,M,Stade de France,1924409,DOBSON Charles,GBR,4,44.48,TIME
Men's 400m,Semi-Final 1,M,Stade de France,1566689,YAHIA IBRAHIM Ammar Ismail,QAT,5,44.64,TIME
Men's 400m,Semi-Final 1,M,Stade de France,1953070,DIOUF Cheikh Tidiane,SEN,6,44.94,TIME
Men's 400m,Semi-Final 1,M,Stade de France,1878368,INGVALDSEN Havard Bentdal,NOR,7,45.6,TIME
Men's 400m,Semi-Final 2,M,Stade de France,1564964,JAMES Kirani,GRN,1,43.78,TIME
Men's 400m,Semi-Final 2,M,Stade de France,1937531,SAMUKONGA Muzala,ZAM,2,43.81,TIME
Men's 400m,Semi-Final 2,M,Stade de France,1960604,BAILEY Christopher,USA,3,44.31,TIME
Men's 400m,Semi-Final 2,M,Stade de France,1950897,NDORI Bayapo,BOT,4,44.43,TIME
Men's 400m,Semi-Final 2,M,Stade de France,1552296,SITO Luca,ITA,5,45.01,TIME
Men's 400m,Semi-Final 2,M,Stade de France,1537538,LARREGINA Elian,ARG,6,45.02,TIME
Men's 400m,Semi-Final 2,M,Stade de France,1981067,PILLAY Lythe,RSA,7,45.24,TIME
Men's 400m,Semi-Final 3,M,Stade de France,1924430,HUDSON-SMITH Matthew,GBR,1,44.07,TIME
Men's 400m,Semi-Final 3,M,Stade de France,1965289,NORMAN Michael,USA,2,44.26,TIME
Men's 400m,Semi-Final 3,M,Stade de France,1986723,OGAZI Samuel,NGR,3,44.41,TIME
Men's 400m,Semi-Final 3,M,Stade de France,1938903,POWELL Jevaughn,JAM,4,44.91,TIME
Men's 400m,Semi-Final 3,M,Stade de France,1939847,HOLDER Reece,AUS,5,44.94,TIME
Men's 400m,Semi-Final 3,M,Stade de France,1981066,NENE Zakithi,RSA,6,45.06,TIME
Men's 400m,Semi-Final 3,M,Stade de France,1950918,SCOTCH Leungo,BOT,7,45.16,TIME
Men's 400m,Semi-Final 3,M,Stade de France,1974208,MORALES-WILLIAMS Christopher,CAN,8,45.25,TIME
Men's 400m,Final,M,Stade de France,1960177,HALL Quincy,USA,1,43.4,TIME
Men's 400m,Final,M,Stade de France,1924430,HUDSON-SMITH Matthew,GBR,2,43.44,TIME
Men's 400m,Final,M,Stade de France,1937531,SAMUKONGA Muzala,ZAM,3,43.74,TIME
Men's 400m,Final,M,Stade de France,1911407,RICHARDS Jereem,TTO,4,43.78,TIME
Men's 400m,Final,M,Stade de France,1564964,JAMES Kirani,GRN,5,43.87,TIME
Men's 400m,Final,M,Stade de France,1960604,BAILEY Christopher,USA,6,44.58,TIME
Men's 400m,Final,M,Stade de France,1986723,OGAZI Samuel,NGR,7,44.73,TIME
Men's 400m,Final,M,Stade de France,1965289,NORMAN Michael,USA,8,45.62,TIME
Men's 400m Hurdles,Round 1 - Heat 1,M,Stade de France,1960684,BENJAMIN Rai,USA,1,48.82,TIME
Men's 400m Hurdles,Round 1 - Heat 1,M,Stade de France,1537203,HYDE Jaheel,JAM,2,49.08,TIME
Men's 400m Hurdles,Round 1 - Heat 1,M,Stade de France,1567765,McMASTER Kyron,IVB,3,49.24,TIME
Men's 400m Hurdles,Round 1 - Heat 1,M,Stade de France,1569208,BENGTSTROM Carl,SWE,4,49.34,TIME
Men's 400m Hurdles,Round 1 - Heat 1,M,Stade de France,1566680,HEMEIDA Bassem,QAT,5,49.82,TIME
Men's 400m Hurdles,Round 1 - Heat 1,M,Stade de France,1921571,OGAWA Daiki,JPN,6,50.21,TIME
Men's 400m Hurdles,Round 1 - Heat 1,M,Stade de France,1981202,GUCEK Matic Ian,SLO,7,50.3,TIME
Men's 400m Hurdles,Round 1 - Heat 2,M,Stade de France,1894095,WARHOLM Karsten,NOR,1,47.57,TIME
Men's 400m Hurdles,Round 1 - Heat 2,M,Stade de France,1910726,DUCOS Clement,FRA,2,47.69,TIME
Men's 400m Hurdles,Round 1 - Heat 2,M,Stade de France,1566679,SAMBA Abderrahman,QAT,3,48.35,TIME
Men's 400m Hurdles,Round 1 - Heat 2,M,Stade de France,1973227,NUNEZ Yeral,DOM,4,48.67,TIME
Men's 400m Hurdles,Round 1 - Heat 2,M,Stade de France,1960716,BASSITT Trevor,USA,5,49.38,TIME
Men's 400m Hurdles,Round 1 - Heat 2,M,Stade de France,1892135,MULLER Vit,CZE,6,49.44,TIME
Men's 400m Hurdles,Round 1 - Heat 2,M,Stade de France,1569320,EDLUND Oskar,SWE,7,49.74,TIME
Men's 400m Hurdles,Round 1 - Heat 2,M,Stade de France,1919037,XIE Zhiyu,CHN,8,49.9,TIME
Men's 400m Hurdles,Round 1 - Heat 3,M,Stade de France,1936933,MAGI Rasmus,EST,1,48.62,TIME
Men's 400m Hurdles,Round 1 - Heat 3,M,Stade de France,1960610,ALLEN CJ,USA,2,48.64,TIME
Men's 400m Hurdles,Round 1 - Heat 3,M,Stade de France,1951913,dos SANTOS Alison,BRA,3,48.75,TIME
Men's 400m Hurdles,Round 1 - Heat 3,M,Stade de France,1920082,AGYEKUM Emil,GER,4,49.38,TIME
Men's 400m Hurdles,Round 1 - Heat 3,M,Stade de France,1958108,NTWENG Victor,BOT,5,49.59,TIME
Men's 400m Hurdles,Round 1 - Heat 3,M,Stade de France,1976458,BONVIN Julien,SUI,6,49.82,TIME
Men's 400m Hurdles,Round 1 - Heat 3,M,Stade de France,4979196,TSUTSUE Kaito,JPN,7,50.5,TIME
Men's 400m Hurdles,Round 1 - Heat 3,M,Stade de France,1566994,COPELLO Yasmani,TUR,8,50.72,TIME
Men's 400m Hurdles,Round 1 - Heat 5,M,Stade de France,1980109,JAMES-KING Malik,JAM,1,48.21,TIME
Men's 400m Hurdles,Round 1 - Heat 5,M,Stade de France,1952077,LIMA Matheus,BRA,2,48.9,TIME
Men's 400m Hurdles,Round 1 - Heat 5,M,Stade de France,1924404,CHALMERS Alastair,GBR,3,48.98,TIME
Men's 400m Hurdles,Round 1 - Heat 5,M,Stade de France,1920081,ABUAKU Joshua,GER,4,49,TIME
Men's 400m Hurdles,Round 1 - Heat 5,M,Stade de France,1566071,AKCAM Berke,TUR,5,49.48,TIME
Men's 400m Hurdles,Round 1 - Heat 5,M,Stade de France,1921797,TOYODA Ken,JPN,6,53.62,TIME
Men's 400m Hurdles,Repechage - Heat 1,M,Stade de France,1960716,BASSITT Trevor,USA,1,48.64,TIME
Men's 400m Hurdles,Repechage - Heat 1,M,Stade de France,1920082,AGYEKUM Emil,GER,2,48.67,TIME
Men's 400m Hurdles,Repechage - Heat 1,M,Stade de France,1892135,MULLER Vit,CZE,3,48.96,TIME
Men's 400m Hurdles,Repechage - Heat 1,M,Stade de France,1569320,EDLUND Oskar,SWE,4,48.99,TIME
Men's 400m Hurdles,Repechage - Heat 1,M,Stade de France,1921571,OGAWA Daiki,JPN,5,49.25,TIME
Men's 400m Hurdles,Repechage - Heat 1,M,Stade de France,1566680,HEMEIDA Bassem,QAT,6,49.64,TIME
Men's 400m Hurdles,Repechage - Heat 2,M,Stade de France,1569208,BENGTSTROM Carl,SWE,1,48.63,TIME
Men's 400m Hurdles,Repechage - Heat 2,M,Stade de France,1554526,DRUMMOND Gerald,CRC,2,48.78,TIME
Men's 400m Hurdles,Repechage - Heat 2,M,Stade de France,1958108,NTWENG Victor,BOT,3,48.88,TIME
Men's 400m Hurdles,Repechage - Heat 2,M,Stade de France,1981202,GUCEK Matic Ian,SLO,4,49.06,TIME
Men's 400m Hurdles,Repechage - Heat 2,M,Stade de France,1920192,PREIS Constantin,GER,5,51.02,TIME
Men's 400m Hurdles,Repechage - Heat 3,M,Stade de France,1566071,AKCAM Berke,TUR,1,48.72,TIME
Men's 400m Hurdles,Repechage - Heat 3,M,Stade de France,1920081,ABUAKU Joshua,GER,2,48.87,TIME
Men's 400m Hurdles,Repechage - Heat 3,M,Stade de France,1976458,BONVIN Julien,SUI,3,49.08,TIME
Men's 400m Hurdles,Repechage - Heat 3,M,Stade de France,1919037,XIE Zhiyu,CHN,4,49.59,TIME
Men's 400m Hurdles,Repechage - Heat 3,M,Stade de France,1973227,NUNEZ Yeral,DOM,5,53.68,TIME
Men's 400m Hurdles,Round 1 - Heat 4,M,Stade de France,1542850,CLARKE Roshawn,JAM,1,48.17,TIME
Men's 400m Hurdles,Round 1 - Heat 4,M,Stade de France,1929228,NATHANIEL Ezekiel,NGR,2,48.38,TIME
Men's 400m Hurdles,Round 1 - Heat 4,M,Stade de France,1910774,HAPPIO Wilfried,FRA,3,48.42,TIME
Men's 400m Hurdles,Round 1 - Heat 4,M,Stade de France,1552365,SIBILIO Alessandro,ITA,4,48.43,TIME
Men's 400m Hurdles,Round 1 - Heat 4,M,Stade de France,1956604,MUKHOBE Wiseman Were,KEN,5,48.58,TIME
Men's 400m Hurdles,Round 1 - Heat 4,M,Stade de France,1972261,SMIDT Nick,NED,6,48.64,TIME
Men's 400m Hurdles,Round 1 - Heat 4,M,Stade de France,1554526,DRUMMOND Gerald,CRC,7,48.8,TIME
Men's 400m Hurdles,Round 1 - Heat 4,M,Stade de France,1920192,PREIS Constantin,GER,8,49.99,TIME
Men's 400m Hurdles,Semi-Final 3,M,Stade de France,1960684,BENJAMIN Rai,USA,1,47.85,TIME
Men's 400m Hurdles,Semi-Final 3,M,Stade de France,1542850,CLARKE Roshawn,JAM,2,48.34,TIME
Men's 400m Hurdles,Semi-Final 3,M,Stade de France,1910774,HAPPIO Wilfried,FRA,3,48.66,TIME
Men's 400m Hurdles,Semi-Final 3,M,Stade de France,1952077,LIMA Matheus,BRA,4,49.08,TIME
Men's 400m Hurdles,Semi-Final 3,M,Stade de France,1956604,MUKHOBE Wiseman Were,KEN,5,49.22,TIME
Men's 400m Hurdles,Semi-Final 3,M,Stade de France,1569208,BENGTSTROM Carl,SWE,6,49.56,TIME
Men's 400m Hurdles,Semi-Final 3,M,Stade de France,1554526,DRUMMOND Gerald,CRC,7,49.68,TIME
Men's 400m Hurdles,Semi-Final 3,M,Stade de France,1924404,CHALMERS Alastair,GBR,8,56.52,TIME
Men's 400m Hurdles,Semi-Final 1,M,Stade de France,1894095,WARHOLM Karsten,NOR,1,47.67,TIME
Men's 400m Hurdles,Semi-Final 1,M,Stade de France,1910726,DUCOS Clement,FRA,2,47.85,TIME
Men's 400m Hurdles,Semi-Final 1,M,Stade de France,1951913,dos SANTOS Alison,BRA,3,47.95,TIME
Men's 400m Hurdles,Semi-Final 1,M,Stade de France,1960716,BASSITT Trevor,USA,4,48.29,TIME
Men's 400m Hurdles,Semi-Final 1,M,Stade de France,1929228,NATHANIEL Ezekiel,NGR,5,48.65,TIME
Men's 400m Hurdles,Semi-Final 1,M,Stade de France,1972261,SMIDT Nick,NED,6,49.61,TIME
Men's 400m Hurdles,Semi-Final 1,M,Stade de France,1537203,HYDE Jaheel,JAM,7,50.03,TIME
Men's 400m Hurdles,Semi-Final 1,M,Stade de France,1920081,ABUAKU Joshua,GER,8,50.19,TIME
Men's 400m Hurdles,Semi-Final 2,M,Stade de France,1567765,McMASTER Kyron,IVB,1,48.15,TIME
Men's 400m Hurdles,Semi-Final 2,M,Stade de France,1936933,MAGI Rasmus,EST,2,48.16,TIME
Men's 400m Hurdles,Semi-Final 2,M,Stade de France,1566679,SAMBA Abderrahman,QAT,3,48.2,TIME
Men's 400m Hurdles,Semi-Final 2,M,Stade de France,1960610,ALLEN CJ,USA,4,48.44,TIME
Men's 400m Hurdles,Semi-Final 2,M,Stade de France,1920082,AGYEKUM Emil,GER,5,48.78,TIME
Men's 400m Hurdles,Semi-Final 2,M,Stade de France,1552365,SIBILIO Alessandro,ITA,6,48.79,TIME
Men's 400m Hurdles,Semi-Final 2,M,Stade de France,1980109,JAMES-KING Malik,JAM,7,48.85,TIME
Men's 400m Hurdles,Semi-Final 2,M,Stade de France,1566071,AKCAM Berke,TUR,8,49.12,TIME
Men's 400m Hurdles,Final,M,Stade de France,1960684,BENJAMIN Rai,USA,1,46.46,TIME
Men's 400m Hurdles,Final,M,Stade de France,1894095,WARHOLM Karsten,NOR,2,47.06,TIME
Men's 400m Hurdles,Final,M,Stade de France,1951913,dos SANTOS Alison,BRA,3,47.26,TIME
Men's 400m Hurdles,Final,M,Stade de France,1910726,DUCOS Clement,FRA,4,47.76,TIME
Men's 400m Hurdles,Final,M,Stade de France,1567765,McMASTER Kyron,IVB,5,47.79,TIME
Men's 400m Hurdles,Final,M,Stade de France,1566679,SAMBA Abderrahman,QAT,6,47.98,TIME
Men's 400m Hurdles,Final,M,Stade de France,1936933,MAGI Rasmus,EST,7,52.53,TIME
Men's Decathlon,Long Jump - Group B,M,Stade de France,1878375,SKOTHEIM Sander,NOR,1,8.03,DISTANCE
Men's Decathlon,Long Jump - Group B,M,Stade de France,1920180,NEUGEBAUER Leo,GER,2,7.98,DISTANCE
Men's Decathlon,Long Jump - Group B,M,Stade de France,1878353,ROOTH Markus,NOR,3,7.8,DISTANCE
Men's Decathlon,Long Jump - Group B,M,Stade de France,1974335,WARNER Damian,CAN,4,7.79,DISTANCE
Men's Decathlon,Long Jump - Group B,M,Stade de France,1936928,ERM Johannes,EST,5,7.66,DISTANCE
Men's Decathlon,Long Jump - Group B,M,Stade de France,1920221,STEINFORTH Till,GER,6,7.61,DISTANCE
Men's Decathlon,Long Jump - Group B,M,Stade de France,1972247,ROOSEN Sven,NED,7,7.56,DISTANCE
Men's Decathlon,Long Jump - Group B,M,Stade de France,1573388,VICTOR Lindon,GRN,8,7.48,DISTANCE
Men's Decathlon,Long Jump - Group B,M,Stade de France,1960149,BALDWIN Heath,USA,9,7.38,DISTANCE
Men's Decathlon,Long Jump - Group B,M,Stade de France,1981764,MULLINGS Ken,BAH,10,7.36,DISTANCE
Men's Decathlon,Long Jump - Group B,M,Stade de France,1910753,GLETTY Makenson,FRA,11,7.1,DISTANCE
Men's Decathlon,Long Jump - Group B,M,Stade de France,1939730,MOLONEY Ashley,AUS,12,7.05,DISTANCE
Men's Decathlon,Shot Put - Group A,M,Stade de France,1965871,WILLIAMS Harrison,USA,1,15.66,DISTANCE
Men's Decathlon,Shot Put - Group A,M,Stade de France,1972247,ROOSEN Sven,NED,2,15.1,DISTANCE
Men's Decathlon,Shot Put - Group A,M,Stade de France,1936923,OIGLANE Janek,EST,3,14.58,DISTANCE
Men's Decathlon,Shot Put - Group A,M,Stade de France,1878375,SKOTHEIM Sander,NOR,4,14.31,DISTANCE
Men's Decathlon,Shot Put - Group A,M,Stade de France,1972266,TAAM Rik,NED,5,14.27,DISTANCE
Men's Decathlon,Shot Put - Group A,M,Stade de France,1920146,KAUL Niklas,GER,6,14.24,DISTANCE
Men's Decathlon,Shot Put - Group A,M,Stade de France,1952010,FERREIRA SANTANA Jose Fernando,BRA,7,13.97,DISTANCE
Men's Decathlon,Shot Put - Group A,M,Stade de France,1920221,STEINFORTH Till,GER,8,13.96,DISTANCE
Men's Decathlon,Shot Put - Group A,M,Stade de France,1939873,GOLUBOVIC Daniel,AUS,9,13.89,DISTANCE
Men's Decathlon,Shot Put - Group A,M,Stade de France,1905430,URENA Jorge,ESP,10,13.77,DISTANCE
Men's Decathlon,Shot Put - Group A,M,Stade de France,1939730,MOLONEY Ashley,AUS,11,13.4,DISTANCE
Men's Decathlon,Shot Put - Group B,M,Stade de France,1910753,GLETTY Makenson,FRA,1,16.64,DISTANCE
Men's Decathlon,Shot Put - Group B,M,Stade de France,1920180,NEUGEBAUER Leo,GER,2,16.55,DISTANCE
Men's Decathlon,Shot Put - Group B,M,Stade de France,1936914,TILGA Karel,EST,3,15.88,DISTANCE
Men's Decathlon,Shot Put - Group B,M,Stade de France,1573388,VICTOR Lindon,GRN,4,15.71,DISTANCE
Men's Decathlon,Shot Put - Group B,M,Stade de France,1878353,ROOTH Markus,NOR,5,15.25,DISTANCE
Men's Decathlon,Shot Put - Group B,M,Stade de France,1537145,OWENS-DELERME Ayden,PUR,6,15.17,DISTANCE
Men's Decathlon,Shot Put - Group B,M,Stade de France,1965951,ZIEMEK Zachery,USA,7,15.03,DISTANCE
Men's Decathlon,Shot Put - Group B,M,Stade de France,1936928,ERM Johannes,EST,8,14.61,DISTANCE
Men's Decathlon,Shot Put - Group B,M,Stade de France,1960149,BALDWIN Heath,USA,9,14.48,DISTANCE
Men's Decathlon,Shot Put - Group B,M,Stade de France,1974335,WARNER Damian,CAN,10,14.45,DISTANCE
Men's Decathlon,Shot Put - Group B,M,Stade de France,1981764,MULLINGS Ken,BAH,11,14.19,DISTANCE
Men's Decathlon,100m - Heat 1,M,Stade de France,1878353,ROOTH Markus,NOR,1,10.71,TIME
Men's Decathlon,100m - Heat 1,M,Stade de France,1878375,SKOTHEIM Sander,NOR,2,10.78,TIME
Men's Decathlon,100m - Heat 1,M,Stade de France,1905430,URENA Jorge,ESP,3,10.87,TIME
Men's Decathlon,100m - Heat 1,M,Stade de France,1936923,OIGLANE Janek,EST,4,10.89,TIME
Men's Decathlon,100m - Heat 1,M,Stade de France,1936914,TILGA Karel,EST,5,11.01,TIME
Men's Decathlon,100m - Heat 1,M,Stade de France,1939873,GOLUBOVIC Daniel,AUS,6,11.32,TIME
Men's Decathlon,100m - Heat 1,M,Stade de France,1920146,KAUL Niklas,GER,7,11.34,TIME
Men's Decathlon,100m - Heat 2,M,Stade de France,1965871,WILLIAMS Harrison,USA,1,10.62,TIME
Men's Decathlon,100m - Heat 2,M,Stade de France,1936928,ERM Johannes,EST,2,10.64,TIME
Men's Decathlon,100m - Heat 2,M,Stade de France,1972266,TAAM Rik,NED,3,10.64,TIME
Men's Decathlon,100m - Heat 2,M,Stade de France,1952010,FERREIRA SANTANA Jose Fernando,BRA,4,10.66,TIME
Men's Decathlon,100m - Heat 2,M,Stade de France,1920180,NEUGEBAUER Leo,GER,5,10.67,TIME
Men's Decathlon,100m - Heat 2,M,Stade de France,1910753,GLETTY Makenson,FRA,6,10.72,TIME
Men's Decathlon,100m - Heat 2,M,Stade de France,1960149,BALDWIN Heath,USA,7,10.91,TIME
Men's Decathlon,100m - Heat 3,M,Stade de France,1974335,WARNER Damian,CAN,1,10.25,TIME
Men's Decathlon,100m - Heat 3,M,Stade de France,1537145,OWENS-DELERME Ayden,PUR,2,10.35,TIME
Men's Decathlon,100m - Heat 3,M,Stade de France,1920221,STEINFORTH Till,GER,3,10.52,TIME
Men's Decathlon,100m - Heat 3,M,Stade de France,1972247,ROOSEN Sven,NED,4,10.52,TIME
Men's Decathlon,100m - Heat 3,M,Stade de France,1939730,MOLONEY Ashley,AUS,5,10.56,TIME
Men's Decathlon,100m - Heat 3,M,Stade de France,1573388,VICTOR Lindon,GRN,6,10.56,TIME
Men's Decathlon,100m - Heat 3,M,Stade de France,1981764,MULLINGS Ken,BAH,7,10.6,TIME
Men's Decathlon,100m - Heat 3,M,Stade de France,1965951,ZIEMEK Zachery,USA,8,10.6,TIME
Men's Decathlon,High Jump - Group A,M,Stade de France,1920146,KAUL Niklas,GER,1,2.02,DISTANCE
Men's Decathlon,High Jump - Group A,M,Stade de France,1537145,OWENS-DELERME Ayden,PUR,2,2.02,DISTANCE
Men's Decathlon,High Jump - Group A,M,Stade de France,1573388,VICTOR Lindon,GRN,3,2.02,DISTANCE
Men's Decathlon,High Jump - Group A,M,Stade de France,1936923,OIGLANE Janek,EST,4,1.99,DISTANCE
Men's Decathlon,High Jump - Group A,M,Stade de France,1936914,TILGA Karel,EST,5,1.99,DISTANCE
Men's Decathlon,High Jump - Group A,M,Stade de France,1905430,URENA Jorge,ESP,6,1.96,DISTANCE
Men's Decathlon,High Jump - Group A,M,Stade de France,1965871,WILLIAMS Harrison,USA,7,1.96,DISTANCE
Men's Decathlon,High Jump - Group A,M,Stade de France,1939873,GOLUBOVIC Daniel,AUS,8,1.93,DISTANCE
Men's Decathlon,High Jump - Group A,M,Stade de France,1972266,TAAM Rik,NED,9,1.93,DISTANCE
Men's Decathlon,High Jump - Group A,M,Stade de France,1972247,ROOSEN Sven,NED,10,1.87,DISTANCE
Men's Decathlon,High Jump - Group B,M,Stade de France,1960149,BALDWIN Heath,USA,1,2.17,DISTANCE
Men's Decathlon,High Jump - Group B,M,Stade de France,1878375,SKOTHEIM Sander,NOR,2,2.11,DISTANCE
Men's Decathlon,High Jump - Group B,M,Stade de France,1936928,ERM Johannes,EST,3,2.08,DISTANCE
Men's Decathlon,High Jump - Group B,M,Stade de France,1920180,NEUGEBAUER Leo,GER,4,2.05,DISTANCE
Men's Decathlon,High Jump - Group B,M,Stade de France,1981764,MULLINGS Ken,BAH,5,2.02,DISTANCE
Men's Decathlon,High Jump - Group B,M,Stade de France,1974335,WARNER Damian,CAN,5,2.02,DISTANCE
Men's Decathlon,High Jump - Group B,M,Stade de France,1878353,ROOTH Markus,NOR,7,1.99,DISTANCE
Men's Decathlon,High Jump - Group B,M,Stade de France,1910753,GLETTY Makenson,FRA,8,1.99,DISTANCE
Men's Decathlon,High Jump - Group B,M,Stade de France,1965951,ZIEMEK Zachery,USA,9,1.96,DISTANCE
Men's Decathlon,High Jump - Group B,M,Stade de France,1920221,STEINFORTH Till,GER,10,1.96,DISTANCE
Men's Decathlon,High Jump - Group B,M,Stade de France,1952010,FERREIRA SANTANA Jose Fernando,BRA,11,1.93,DISTANCE
Men's Decathlon,400m - Heat 2,M,Stade de France,1878375,SKOTHEIM Sander,NOR,1,47.02,TIME
Men's Decathlon,400m - Heat 2,M,Stade de France,1910753,GLETTY Makenson,FRA,2,47.48,TIME
Men's Decathlon,400m - Heat 2,M,Stade de France,1878353,ROOTH Markus,NOR,3,47.69,TIME
Men's Decathlon,400m - Heat 2,M,Stade de France,1920180,NEUGEBAUER Leo,GER,4,47.7,TIME
Men's Decathlon,400m - Heat 2,M,Stade de France,1573388,VICTOR Lindon,GRN,5,47.84,TIME
Men's Decathlon,400m - Heat 2,M,Stade de France,1905430,URENA Jorge,ESP,6,48.08,TIME
Men's Decathlon,400m - Heat 2,M,Stade de France,1936914,TILGA Karel,EST,7,48.67,TIME
Men's Decathlon,400m - Heat 2,M,Stade de France,1960149,BALDWIN Heath,USA,8,49.04,TIME
Men's Decathlon,400m - Heat 3,M,Stade de France,1537145,OWENS-DELERME Ayden,PUR,1,46.17,TIME
Men's Decathlon,400m - Heat 3,M,Stade de France,1972247,ROOSEN Sven,NED,2,46.4,TIME
Men's Decathlon,400m - Heat 3,M,Stade de France,1965871,WILLIAMS Harrison,USA,3,46.71,TIME
Men's Decathlon,400m - Heat 3,M,Stade de France,1936928,ERM Johannes,EST,4,47.19,TIME
Men's Decathlon,400m - Heat 3,M,Stade de France,1974335,WARNER Damian,CAN,5,47.34,TIME
Men's Decathlon,400m - Heat 3,M,Stade de France,1972266,TAAM Rik,NED,6,47.73,TIME
Men's Decathlon,400m - Heat 3,M,Stade de France,1920221,STEINFORTH Till,GER,7,47.96,TIME
Men's Decathlon,400m - Heat 1,M,Stade de France,1936923,OIGLANE Janek,EST,1,48.02,TIME
Men's Decathlon,400m - Heat 1,M,Stade de France,1952010,FERREIRA SANTANA Jose Fernando,BRA,2,48.78,TIME
Men's Decathlon,400m - Heat 1,M,Stade de France,1920146,KAUL Niklas,GER,3,49.13,TIME
Men's Decathlon,400m - Heat 1,M,Stade de France,1981764,MULLINGS Ken,BAH,4,49.43,TIME
Men's Decathlon,400m - Heat 1,M,Stade de France,1939873,GOLUBOVIC Daniel,AUS,5,50.37,TIME
Men's Decathlon,400m - Heat 1,M,Stade de France,1965951,ZIEMEK Zachery,USA,6,50.79,TIME
Men's Decathlon,110m Hurdles - Heat 1,M,Stade de France,1878353,ROOTH Markus,NOR,1,14.25,TIME
Men's Decathlon,110m Hurdles - Heat 1,M,Stade de France,1936923,OIGLANE Janek,EST,2,14.45,TIME
Men's Decathlon,110m Hurdles - Heat 1,M,Stade de France,1573388,VICTOR Lindon,GRN,3,14.62,TIME
Men's Decathlon,110m Hurdles - Heat 1,M,Stade de France,1936914,TILGA Karel,EST,4,14.66,TIME
Men's Decathlon,110m Hurdles - Heat 1,M,Stade de France,1972266,TAAM Rik,NED,5,14.78,TIME
Men's Decathlon,110m Hurdles - Heat 1,M,Stade de France,1965951,ZIEMEK Zachery,USA,6,15.11,TIME
Men's Decathlon,110m Hurdles - Heat 2,M,Stade de France,1878375,SKOTHEIM Sander,NOR,1,14.15,TIME
Men's Decathlon,110m Hurdles - Heat 2,M,Stade de France,1905430,URENA Jorge,ESP,2,14.29,TIME
Men's Decathlon,110m Hurdles - Heat 2,M,Stade de France,1936928,ERM Johannes,EST,3,14.35,TIME
Men's Decathlon,110m Hurdles - Heat 2,M,Stade de France,1920221,STEINFORTH Till,GER,4,14.37,TIME
Men's Decathlon,110m Hurdles - Heat 2,M,Stade de France,1920180,NEUGEBAUER Leo,GER,5,14.51,TIME
Men's Decathlon,110m Hurdles - Heat 2,M,Stade de France,1920146,KAUL Niklas,GER,6,14.53,TIME
Men's Decathlon,110m Hurdles - Heat 2,M,Stade de France,1939873,GOLUBOVIC Daniel,AUS,7,15.15,TIME
Men's Decathlon,110m Hurdles - Heat 3,M,Stade de France,1974335,WARNER Damian,CAN,1,13.62,TIME
Men's Decathlon,110m Hurdles - Heat 3,M,Stade de France,1981764,MULLINGS Ken,BAH,2,13.7,TIME
Men's Decathlon,110m Hurdles - Heat 3,M,Stade de France,1910753,GLETTY Makenson,FRA,3,13.96,TIME
Men's Decathlon,110m Hurdles - Heat 3,M,Stade de France,1972247,ROOSEN Sven,NED,4,13.99,TIME
Men's Decathlon,110m Hurdles - Heat 3,M,Stade de France,1952010,FERREIRA SANTANA Jose Fernando,BRA,5,14,TIME
Men's Decathlon,110m Hurdles - Heat 3,M,Stade de France,1960149,BALDWIN Heath,USA,6,14.04,TIME
Men's Decathlon,110m Hurdles - Heat 3,M,Stade de France,1537145,OWENS-DELERME Ayden,PUR,7,14.09,TIME
Men's Decathlon,110m Hurdles - Heat 3,M,Stade de France,1965871,WILLIAMS Harrison,USA,8,14.28,TIME
Men's Decathlon,Discus Throw - Group B,M,Stade de France,1573388,VICTOR Lindon,GRN,1,53.91,DISTANCE
Men's Decathlon,Discus Throw - Group B,M,Stade de France,1920180,NEUGEBAUER Leo,GER,2,53.33,DISTANCE
Men's Decathlon,Discus Throw - Group B,M,Stade de France,1965951,ZIEMEK Zachery,USA,3,50.08,DISTANCE
Men's Decathlon,Discus Throw - Group B,M,Stade de France,1878353,ROOTH Markus,NOR,4,49.8,DISTANCE
Men's Decathlon,Discus Throw - Group B,M,Stade de France,1974335,WARNER Damian,CAN,5,48.68,DISTANCE
Men's Decathlon,Discus Throw - Group B,M,Stade de France,1972247,ROOSEN Sven,NED,6,46.88,DISTANCE
Men's Decathlon,Discus Throw - Group B,M,Stade de France,1920146,KAUL Niklas,GER,7,46.28,DISTANCE
Men's Decathlon,Discus Throw - Group B,M,Stade de France,1878375,SKOTHEIM Sander,NOR,8,45.77,DISTANCE
Men's Decathlon,Discus Throw - Group B,M,Stade de France,1939873,GOLUBOVIC Daniel,AUS,9,44.65,DISTANCE
Men's Decathlon,Discus Throw - Group B,M,Stade de France,1537145,OWENS-DELERME Ayden,PUR,10,43.36,DISTANCE
Men's Decathlon,Pole Vault - Group B,M,Stade de France,1878353,ROOTH Markus,NOR,1,5.3,DISTANCE
Men's Decathlon,Pole Vault - Group B,M,Stade de France,1965871,WILLIAMS Harrison,USA,2,5.1,DISTANCE
Men's Decathlon,Pole Vault - Group B,M,Stade de France,1965951,ZIEMEK Zachery,USA,3,5,DISTANCE
Men's Decathlon,Pole Vault - Group B,M,Stade de France,1920180,NEUGEBAUER Leo,GER,4,5,DISTANCE
Men's Decathlon,Pole Vault - Group B,M,Stade de France,1952010,FERREIRA SANTANA Jose Fernando,BRA,5,4.8,DISTANCE
Men's Decathlon,Pole Vault - Group B,M,Stade de France,1537145,OWENS-DELERME Ayden,PUR,5,4.8,DISTANCE
Men's Decathlon,Pole Vault - Group B,M,Stade de France,1981764,MULLINGS Ken,BAH,7,4.8,DISTANCE
Men's Decathlon,Pole Vault - Group B,M,Stade de France,1910753,GLETTY Makenson,FRA,8,4.7,DISTANCE
Men's Decathlon,Pole Vault - Group B,M,Stade de France,1920221,STEINFORTH Till,GER,9,4.7,DISTANCE
Men's Decathlon,Pole Vault - Group B,M,Stade de France,1936928,ERM Johannes,EST,10,4.6,DISTANCE
Men's Decathlon,Pole Vault - Group A,M,Stade de France,1936923,OIGLANE Janek,EST,1,5.3,DISTANCE
Men's Decathlon,Pole Vault - Group A,M,Stade de France,1573388,VICTOR Lindon,GRN,2,4.9,DISTANCE
Men's Decathlon,Pole Vault - Group A,M,Stade de France,1920146,KAUL Niklas,GER,3,4.8,DISTANCE
Men's Decathlon,Pole Vault - Group A,M,Stade de France,1972247,ROOSEN Sven,NED,4,4.7,DISTANCE
Men's Decathlon,Pole Vault - Group A,M,Stade de France,1936914,TILGA Karel,EST,5,4.7,DISTANCE
Men's Decathlon,Pole Vault - Group A,M,Stade de France,1960149,BALDWIN Heath,USA,6,4.7,DISTANCE
Men's Decathlon,Pole Vault - Group A,M,Stade de France,1972266,TAAM Rik,NED,6,4.7,DISTANCE
Men's Decathlon,Pole Vault - Group A,M,Stade de France,1939873,GOLUBOVIC Daniel,AUS,8,4.6,DISTANCE
Men's Decathlon,Javelin Throw - Group A,M,Stade de France,1952010,FERREIRA SANTANA Jose Fernando,BRA,1,70.58,DISTANCE
Men's Decathlon,Javelin Throw - Group A,M,Stade de France,1972247,ROOSEN Sven,NED,2,63.72,DISTANCE
Men's Decathlon,Javelin Throw - Group A,M,Stade de France,1981764,MULLINGS Ken,BAH,3,59.83,DISTANCE
Men's Decathlon,Javelin Throw - Group A,M,Stade de France,1878375,SKOTHEIM Sander,NOR,4,59.79,DISTANCE
Men's Decathlon,Javelin Throw - Group A,M,Stade de France,1936928,ERM Johannes,EST,5,59.58,DISTANCE
Men's Decathlon,Javelin Throw - Group A,M,Stade de France,1939873,GOLUBOVIC Daniel,AUS,6,59.33,DISTANCE
Men's Decathlon,Javelin Throw - Group A,M,Stade de France,1920221,STEINFORTH Till,GER,7,59.14,DISTANCE
Men's Decathlon,Javelin Throw - Group A,M,Stade de France,1905430,URENA Jorge,ESP,8,57.93,DISTANCE
Men's Decathlon,Javelin Throw - Group A,M,Stade de France,1910753,GLETTY Makenson,FRA,9,53.02,DISTANCE
Men's Decathlon,Javelin Throw - Group A,M,Stade de France,1537145,OWENS-DELERME Ayden,PUR,10,51.17,DISTANCE
Men's Decathlon,Javelin Throw - Group B,M,Stade de France,1920146,KAUL Niklas,GER,1,77.78,DISTANCE
Men's Decathlon,Javelin Throw - Group B,M,Stade de France,1936923,OIGLANE Janek,EST,2,71.89,DISTANCE
Men's Decathlon,Javelin Throw - Group B,M,Stade de France,1573388,VICTOR Lindon,GRN,3,68.22,DISTANCE
Men's Decathlon,Javelin Throw - Group B,M,Stade de France,1960149,BALDWIN Heath,USA,4,67.59,DISTANCE
Men's Decathlon,Javelin Throw - Group B,M,Stade de France,1878353,ROOTH Markus,NOR,5,66.87,DISTANCE
Men's Decathlon,Javelin Throw - Group B,M,Stade de France,1936914,TILGA Karel,EST,6,64.16,DISTANCE
Men's Decathlon,Javelin Throw - Group B,M,Stade de France,1972266,TAAM Rik,NED,7,57.08,DISTANCE
Men's Decathlon,Javelin Throw - Group B,M,Stade de France,1965951,ZIEMEK Zachery,USA,8,57.05,DISTANCE
Men's Decathlon,Javelin Throw - Group B,M,Stade de France,1920180,NEUGEBAUER Leo,GER,9,56.64,DISTANCE
Men's Decathlon,Javelin Throw - Group B,M,Stade de France,1965871,WILLIAMS Harrison,USA,10,51.17,DISTANCE
Men's Decathlon,Long Jump - Group A,M,Stade de France,1537145,OWENS-DELERME Ayden,PUR,1,7.66,DISTANCE
Men's Decathlon,Long Jump - Group A,M,Stade de France,1965871,WILLIAMS Harrison,USA,2,7.42,DISTANCE
Men's Decathlon,Long Jump - Group A,M,Stade de France,1972266,TAAM Rik,NED,3,7.27,DISTANCE
Men's Decathlon,Long Jump - Group A,M,Stade de France,1936923,OIGLANE Janek,EST,4,7.25,DISTANCE
Men's Decathlon,Long Jump - Group A,M,Stade de France,1952010,FERREIRA SANTANA Jose Fernando,BRA,5,7.24,DISTANCE
Men's Decathlon,Long Jump - Group A,M,Stade de France,1936914,TILGA Karel,EST,6,7.16,DISTANCE
Men's Decathlon,Long Jump - Group A,M,Stade de France,1920146,KAUL Niklas,GER,7,7.09,DISTANCE
Men's Decathlon,Long Jump - Group A,M,Stade de France,1905430,URENA Jorge,ESP,8,7.05,DISTANCE
Men's Decathlon,Long Jump - Group A,M,Stade de France,1965951,ZIEMEK Zachery,USA,9,6.86,DISTANCE
Men's Decathlon,Long Jump - Group A,M,Stade de France,1939873,GOLUBOVIC Daniel,AUS,10,6.6,DISTANCE
Men's Decathlon,Discus Throw - Group A,M,Stade de France,1936914,TILGA Karel,EST,1,50.13,DISTANCE
Men's Decathlon,Discus Throw - Group A,M,Stade de France,1965871,WILLIAMS Harrison,USA,2,46.91,DISTANCE
Men's Decathlon,Discus Throw - Group A,M,Stade de France,1936928,ERM Johannes,EST,3,46.29,DISTANCE
Men's Decathlon,Discus Throw - Group A,M,Stade de France,1981764,MULLINGS Ken,BAH,4,46.07,DISTANCE
Men's Decathlon,Discus Throw - Group A,M,Stade de France,1910753,GLETTY Makenson,FRA,5,46.03,DISTANCE
Men's Decathlon,Discus Throw - Group A,M,Stade de France,1960149,BALDWIN Heath,USA,6,43.66,DISTANCE
Men's Decathlon,Discus Throw - Group A,M,Stade de France,1936923,OIGLANE Janek,EST,7,43.39,DISTANCE
Men's Decathlon,Discus Throw - Group A,M,Stade de France,1952010,FERREIRA SANTANA Jose Fernando,BRA,8,42.86,DISTANCE
Men's Decathlon,Discus Throw - Group A,M,Stade de France,1920221,STEINFORTH Till,GER,9,42.59,DISTANCE
Men's Decathlon,Discus Throw - Group A,M,Stade de France,1905430,URENA Jorge,ESP,10,40.92,DISTANCE
Men's Decathlon,Discus Throw - Group A,M,Stade de France,1972266,TAAM Rik,NED,11,39.31,DISTANCE
Men's Decathlon,Final Results,M,,1878353,ROOTH Markus,NOR,1,8796,POINTS
Men's Decathlon,Final Results,M,,1920180,NEUGEBAUER Leo,GER,2,8748,POINTS
Men's Decathlon,Final Results,M,,1573388,VICTOR Lindon,GRN,3,8711,POINTS
Men's Decathlon,Final Results,M,,1972247,ROOSEN Sven,NED,4,8607,POINTS
Men's Decathlon,Final Results,M,,1936923,OIGLANE Janek,EST,5,8572,POINTS
Men's Decathlon,Final Results,M,,1936928,ERM Johannes,EST,6,8569,POINTS
Men's Decathlon,Final Results,M,,1965871,WILLIAMS Harrison,USA,7,8538,POINTS
Men's Decathlon,Final Results,M,,1920146,KAUL Niklas,GER,8,8445,POINTS
Men's Decathlon,Final Results,M,,1537145,OWENS-DELERME Ayden,PUR,9,8437,POINTS
Men's Decathlon,Final Results,M,,1960149,BALDWIN Heath,USA,10,8422,POINTS
Men's Decathlon,Final Results,M,,1936914,TILGA Karel,EST,11,8377,POINTS
Men's Decathlon,Final Results,M,,1910753,GLETTY Makenson,FRA,12,8309,POINTS
Men's Decathlon,Final Results,M,,1981764,MULLINGS Ken,BAH,13,8226,POINTS
Men's Decathlon,Final Results,M,,1952010,FERREIRA SANTANA Jose Fernando,BRA,14,8213,POINTS
Men's Decathlon,Final Results,M,,1920221,STEINFORTH Till,GER,15,8170,POINTS
Men's Decathlon,Final Results,M,,1972266,TAAM Rik,NED,16,8046,POINTS
Men's Decathlon,Final Results,M,,1965951,ZIEMEK Zachery,USA,17,7983,POINTS
Men's Decathlon,Final Results,M,,1878375,SKOTHEIM Sander,NOR,18,7757,POINTS
Men's Decathlon,Final Results,M,,1939873,GOLUBOVIC Daniel,AUS,19,7566,POINTS
Men's Decathlon,Final Results,M,,1905430,URENA Jorge,ESP,20,7096,POINTS
Men's Discus Throw,Qualification - Group A,M,Stade de France,1922593,ALEKNA Mykolas,LTU,1,67.47,DISTANCE
Men's Discus Throw,Qualification - Group A,M,Stade de France,1939824,DENNY Matthew,AUS,2,66.83,DISTANCE
Men's Discus Throw,Qualification - Group A,M,Stade de France,1563801,WEISSHAIDINGER Lukas,AUT,3,66.72,DISTANCE
Men's Discus Throw,Qualification - Group A,M,Stade de France,1553039,SMIKLE Traves,JAM,4,65.91,DISTANCE
Men's Discus Throw,Qualification - Group A,M,Stade de France,4969435,MULLINGS Ralford,JAM,5,65.18,DISTANCE
Men's Discus Throw,Qualification - Group A,M,Stade de France,1569210,STAHL Daniel,SWE,6,65.16,DISTANCE
Men's Discus Throw,Qualification - Group A,M,Stade de France,1965304,MATTIS Sam,USA,7,62.66,DISTANCE
Men's Discus Throw,Qualification - Group A,M,Stade de France,1922191,MARKOVIC Martin,CRO,8,62.31,DISTANCE
Men's Discus Throw,Qualification - Group A,M,Stade de France,1960902,EVANS Andrew,USA,9,62.25,DISTANCE
Men's Discus Throw,Qualification - Group A,M,Stade de France,1543471,ORTEGA Mauricio,COL,10,61.97,DISTANCE
Men's Discus Throw,Qualification - Group A,M,Stade de France,1910721,DJOUHAN Lolassonn,FRA,11,61.93,DISTANCE
Men's Discus Throw,Qualification - Group A,M,Stade de France,1924474,PERCY Nicholas,GBR,12,61.81,DISTANCE
Men's Discus Throw,Qualification - Group A,M,Stade de France,1981083,PRINSLOO Francois,RSA,13,61.35,DISTANCE
Men's Discus Throw,Qualification - Group A,M,Stade de France,1562828,DIAZ Mario Alberto,CUB,14,60.92,DISTANCE
Men's Discus Throw,Qualification - Group A,M,Stade de France,1922600,ALEKNA Martynas,LTU,15,58.66,DISTANCE
Men's Discus Throw,Qualification - Group B,M,Stade de France,1920195,PRUEFER Clemens,GER,1,66.36,DISTANCE
Men's Discus Throw,Qualification - Group B,M,Stade de France,1912322,STONA Roje,JAM,2,65.32,DISTANCE
Men's Discus Throw,Qualification - Group B,M,Stade de France,1981160,CEH Kristjan,SLO,3,64.8,DISTANCE
Men's Discus Throw,Qualification - Group B,M,Stade de France,1922722,GUDZIUS Andrius,LTU,4,64.07,DISTANCE
Men's Discus Throw,Qualification - Group B,M,Stade de France,1538934,FIRFIRICA Alin Alexandru,ROU,5,63.66,DISTANCE
Men's Discus Throw,Qualification - Group B,M,Stade de France,1967252,ROSE Alex,SAM,6,62.88,DISTANCE
Men's Discus Throw,Qualification - Group B,M,Stade de France,1926705,BELL Connor,NZL,7,62.88,DISTANCE
Men's Discus Throw,Qualification - Group B,M,Stade de France,1963543,MILANOV Philip,BEL,8,62.44,DISTANCE
Men's Discus Throw,Qualification - Group B,M,Stade de France,1920339,SOSNA Mika,GER,9,61.81,DISTANCE
Men's Discus Throw,Qualification - Group B,M,Stade de France,1960646,BROWN Joseph,USA,10,61.68,DISTANCE
Men's Discus Throw,Qualification - Group B,M,Stade de France,1924472,OKOYE Lawrence,GBR,11,61.17,DISTANCE
Men's Discus Throw,Qualification - Group B,M,Stade de France,1930005,CAICEDO Juan,ECU,12,60.99,DISTANCE
Men's Discus Throw,Qualification - Group B,M,Stade de France,1981099,HOGAN Victor,RSA,13,60.78,DISTANCE
Men's Discus Throw,Qualification - Group B,M,Stade de France,1911914,REUX Tom,FRA,14,58.22,DISTANCE
Men's Discus Throw,Final,M,Stade de France,1912322,STONA Roje,JAM,1,70,DISTANCE
Men's Discus Throw,Final,M,Stade de France,1922593,ALEKNA Mykolas,LTU,2,69.97,DISTANCE
Men's Discus Throw,Final,M,Stade de France,1939824,DENNY Matthew,AUS,3,69.31,DISTANCE
Men's Discus Throw,Final,M,Stade de France,1981160,CEH Kristjan,SLO,4,68.41,DISTANCE
Men's Discus Throw,Final,M,Stade de France,1563801,WEISSHAIDINGER Lukas,AUT,5,67.54,DISTANCE
Men's Discus Throw,Final,M,Stade de France,1920195,PRUEFER Clemens,GER,6,67.41,DISTANCE
Men's Discus Throw,Final,M,Stade de France,1569210,STAHL Daniel,SWE,7,66.95,DISTANCE
Men's Discus Throw,Final,M,Stade de France,1922722,GUDZIUS Andrius,LTU,8,66.55,DISTANCE
Men's Discus Throw,Final,M,Stade de France,4969435,MULLINGS Ralford,JAM,9,65.61,DISTANCE
Men's Discus Throw,Final,M,Stade de France,1553039,SMIKLE Traves,JAM,10,64.97,DISTANCE
Men's Discus Throw,Final,M,Stade de France,1538934,FIRFIRICA Alin Alexandru,ROU,11,64.45,DISTANCE
Men's Discus Throw,Final,M,Stade de France,1967252,ROSE Alex,SAM,12,61.89,DISTANCE
Men's Hammer Throw,Qualification - Group B,M,Stade de France,1974151,KATZBERG Ethan,CAN,1,79.93,DISTANCE
Men's Hammer Throw,Qualification - Group B,M,Stade de France,1965933,WINKLER Rudy,USA,2,77.29,DISTANCE
Men's Hammer Throw,Qualification - Group B,M,Stade de France,1878346,HENRIKSEN Eivind,NOR,3,77.14,DISTANCE
Men's Hammer Throw,Qualification - Group B,M,Stade de France,1916814,HALASZ Bence,HUN,4,76.9,DISTANCE
Men's Hammer Throw,Qualification - Group B,M,Stade de France,1573083,FAJDEK Pawel,POL,5,76.56,DISTANCE
Men's Hammer Throw,Qualification - Group B,M,Stade de France,1961205,FRANTZESKAKIS Christos,GRE,6,75.53,DISTANCE
Men's Hammer Throw,Qualification - Group B,M,Stade de France,1920134,HUMMEL Merlin,GER,7,75.25,DISTANCE
Men's Hammer Throw,Qualification - Group B,M,Stade de France,1974152,KEENAN Adam,CAN,8,74.45,DISTANCE
Men's Hammer Throw,Qualification - Group B,M,Stade de France,1972089,COMENENTIA Denzel,NED,9,74.31,DISTANCE
Men's Hammer Throw,Qualification - Group B,M,Stade de France,1892453,MYSLYVCUK Volodymyr,CZE,10,73.84,DISTANCE
Men's Hammer Throw,Qualification - Group B,M,Stade de France,1933249,KEHR Gabriel,CHI,11,72.31,DISTANCE
Men's Hammer Throw,Qualification - Group B,M,Stade de France,1921075,RABA Daniel,HUN,12,72.29,DISTANCE
Men's Hammer Throw,Qualification - Group B,M,Stade de France,1535202,del REAL Diego,MEX,13,72.1,DISTANCE
Men's Hammer Throw,Qualification - Group B,M,Stade de France,1537531,GOMEZ Joaquin,ARG,14,72.1,DISTANCE
Men's Hammer Throw,Qualification - Group B,M,Stade de France,1537144,VEGA Jerome,PUR,15,71.61,DISTANCE
Men's Hammer Throw,Qualification - Group B,M,Stade de France,1566250,BALTACI Ozkan,TUR,16,71.4,DISTANCE
Men's Hammer Throw,Qualification - Group A,M,Stade de France,1974131,HAMILTON Rowan,CAN,1,77.78,DISTANCE
Men's Hammer Throw,Qualification - Group A,M,Stade de France,1571563,KOKHAN Mykhaylo,UKR,2,77.42,DISTANCE
Men's Hammer Throw,Qualification - Group A,M,Stade de France,1910672,CHAUSSINAND Yann,FRA,3,76.86,DISTANCE
Men's Hammer Throw,Qualification - Group A,M,Stade de France,1878374,MARDAL Thomas,NOR,4,76.78,DISTANCE
Men's Hammer Throw,Qualification - Group A,M,Stade de France,1573157,NOWICKI Wojciech,POL,5,76.32,DISTANCE
Men's Hammer Throw,Qualification - Group A,M,Stade de France,1569324,CARLSSON Ragnar,SWE,6,73.96,DISTANCE
Men's Hammer Throw,Qualification - Group A,M,Stade de France,1922208,GREGURIC Matija,CRO,7,73.69,DISTANCE
Men's Hammer Throw,Qualification - Group A,M,Stade de France,1887971,MARGHIEV Serghei,MDA,8,73.46,DISTANCE
Men's Hammer Throw,Qualification - Group A,M,Stade de France,1919102,WANG Qi,CHN,9,72.52,DISTANCE
Men's Hammer Throw,Qualification - Group A,M,Stade de France,1933257,MANSILLA Humberto,CHI,10,71.83,DISTANCE
Men's Hammer Throw,Qualification - Group A,M,Stade de France,1928782,VARGA Donat,HUN,11,71.65,DISTANCE
Men's Hammer Throw,Qualification - Group A,M,Stade de France,1920130,KLOSE Soeren,GER,12,71.2,DISTANCE
Men's Hammer Throw,Qualification - Group A,M,Stade de France,1961207,ANASTASAKIS Michail,GRE,13,70.14,DISTANCE
Men's Hammer Throw,Qualification - Group A,M,Stade de France,1910483,ELGAMEL Mostafa,EGY,14,70.09,DISTANCE
Men's Hammer Throw,Qualification - Group A,M,Stade de France,1892106,HAJEK Patrik,CZE,15,68.8,DISTANCE
Men's Hammer Throw,Final,M,Stade de France,1974151,KATZBERG Ethan,CAN,1,84.12,DISTANCE
Men's Hammer Throw,Final,M,Stade de France,1916814,HALASZ Bence,HUN,2,79.97,DISTANCE
Men's Hammer Throw,Final,M,Stade de France,1571563,KOKHAN Mykhaylo,UKR,3,79.39,DISTANCE
Men's Hammer Throw,Final,M,Stade de France,1878346,HENRIKSEN Eivind,NOR,4,79.18,DISTANCE
Men's Hammer Throw,Final,M,Stade de France,1573083,FAJDEK Pawel,POL,5,78.8,DISTANCE
Men's Hammer Throw,Final,M,Stade de France,1965933,WINKLER Rudy,USA,6,77.92,DISTANCE
Men's Hammer Throw,Final,M,Stade de France,1573157,NOWICKI Wojciech,POL,7,77.42,DISTANCE
Men's Hammer Throw,Final,M,Stade de France,1910672,CHAUSSINAND Yann,FRA,8,77.38,DISTANCE
Men's Hammer Throw,Final,M,Stade de France,1974131,HAMILTON Rowan,CAN,9,76.59,DISTANCE
Men's Hammer Throw,Final,M,Stade de France,1920134,HUMMEL Merlin,GER,10,76.03,DISTANCE
Men's Hammer Throw,Final,M,Stade de France,1878374,MARDAL Thomas,NOR,11,74.25,DISTANCE
Men's Hammer Throw,Final,M,Stade de France,1961205,FRANTZESKAKIS Christos,GRE,12,73.34,DISTANCE
Men's High Jump,Qualification - Group A,M,Stade de France,1965306,McEWEN Shelby,USA,1,2.27,DISTANCE
Men's High Jump,Qualification - Group A,M,Stade de France,1566681,BARSHIM Mutaz Essa,QAT,2,2.27,DISTANCE
Men's High Jump,Qualification - Group A,M,Stade de France,1902674,WOO Sanghyeok,KOR,2,2.27,DISTANCE
Men's High Jump,Qualification - Group A,M,Stade de France,1919789,AKAMATSU Ryoichi,JPN,4,2.27,DISTANCE
Men's High Jump,Qualification - Group A,M,Stade de France,1552383,SOTTILE Stefano,ITA,5,2.24,DISTANCE
Men's High Jump,Qualification - Group A,M,Stade de France,1981090,RAATS Brian,RSA,6,2.24,DISTANCE
Men's High Jump,Qualification - Group A,M,Stade de France,1892156,STEFELA Jan,CZE,6,2.24,DISTANCE
Men's High Jump,Qualification - Group A,M,Stade de France,1563250,ZAYAS Luis Enrique,CUB,8,2.24,DISTANCE
Men's High Jump,Qualification - Group A,M,Stade de France,1537168,CASTRO RIVERA Luis,PUR,9,2.2,DISTANCE
Men's High Jump,Qualification - Group A,M,Stade de France,1536494,RIVERA Edgar,MEX,9,2.2,DISTANCE
Men's High Jump,Qualification - Group A,M,Stade de France,1920843,WANG Zhen,CHN,11,2.2,DISTANCE
Men's High Jump,Qualification - Group A,M,Stade de France,1566056,ACET Alperen,TUR,12,2.2,DISTANCE
Men's High Jump,Qualification - Group A,M,Stade de France,1571517,LAVSKYY Vladyslav,UKR,13,2.15,DISTANCE
Men's High Jump,Qualification - Group A,M,Stade de France,1965947,TURNER Vernon,USA,14,2.15,DISTANCE
Men's High Jump,Qualification - Group B,M,Stade de France,1926713,KERR Hamish,NZL,1,2.27,DISTANCE
Men's High Jump,Qualification - Group B,M,Stade de France,1552385,TAMBERI Gianmarco,ITA,2,2.24,DISTANCE
Men's High Jump,Qualification - Group B,M,Stade de France,1900913,BECKFORD Romaine,JAM,3,2.24,DISTANCE
Men's High Jump,Qualification - Group B,M,Stade de France,1571570,DOROSHCHUK Oleh,UKR,4,2.24,DISTANCE
Men's High Jump,Qualification - Group B,M,Stade de France,1905279,IVANOV Tihomir,BUL,5,2.24,DISTANCE
Men's High Jump,Qualification - Group B,M,Stade de France,1939733,STARC Brandon,AUS,6,2.24,DISTANCE
Men's High Jump,Qualification - Group B,M,Stade de France,1951961,FERREIRA Fernando,BRA,7,2.2,DISTANCE
Men's High Jump,Qualification - Group B,M,Stade de France,1535199,PORTILLO Erick,MEX,7,2.2,DISTANCE
Men's High Jump,Qualification - Group B,M,Stade de France,1895560,CARMOY Thomas,BEL,9,2.2,DISTANCE
Men's High Jump,Qualification - Group B,M,Stade de France,1960977,HARRISON Juvaughn,USA,9,2.2,DISTANCE
Men's High Jump,Qualification - Group B,M,Stade de France,1939872,REATH Yual,AUS,11,2.2,DISTANCE
Men's High Jump,Qualification - Group B,M,Stade de France,1921619,SHINNO Tomohiro,JPN,11,2.2,DISTANCE
Men's High Jump,Qualification - Group B,M,Stade de France,1544327,KUSHARE Sarvesh Anil,IND,13,2.15,DISTANCE
Men's High Jump,Qualification - Group B,M,Stade de France,1939798,BADEN Joel,AUS,14,2.15,DISTANCE
Men's High Jump,Final,M,Stade de France,1926713,KERR Hamish,NZL,1,2.36,DISTANCE
Men's High Jump,Final,M,Stade de France,1965306,McEWEN Shelby,USA,2,2.36,DISTANCE
Men's High Jump,Final,M,Stade de France,1566681,BARSHIM Mutaz Essa,QAT,3,2.34,DISTANCE
Men's High Jump,Final,M,Stade de France,1552383,SOTTILE Stefano,ITA,4,2.34,DISTANCE
Men's High Jump,Final,M,Stade de France,1919789,AKAMATSU Ryoichi,JPN,5,2.31,DISTANCE
Men's High Jump,Final,M,Stade de France,1571570,DOROSHCHUK Oleh,UKR,6,2.31,DISTANCE
Men's High Jump,Final,M,Stade de France,1902674,WOO Sanghyeok,KOR,7,2.27,DISTANCE
Men's High Jump,Final,M,Stade de France,1905279,IVANOV Tihomir,BUL,8,2.27,DISTANCE
Men's High Jump,Final,M,Stade de France,1892156,STEFELA Jan,CZE,9,2.22,DISTANCE
Men's High Jump,Final,M,Stade de France,1900913,BECKFORD Romaine,JAM,10,2.22,DISTANCE
Men's High Jump,Final,M,Stade de France,1552385,TAMBERI Gianmarco,ITA,11,2.22,DISTANCE
Men's High Jump,Final,M,Stade de France,1981090,RAATS Brian,RSA,12,2.17,DISTANCE
Men's Javelin Throw,Qualification - Group B,M,Stade de France,1550250,CHOPRA Neeraj,IND,1,89.34,DISTANCE
Men's Javelin Throw,Qualification - Group B,M,Stade de France,1573418,PETERS Anderson,GRN,2,88.63,DISTANCE
Men's Javelin Throw,Qualification - Group B,M,Stade de France,1878563,NADEEM Arshad,PAK,3,86.59,DISTANCE
Men's Javelin Throw,Qualification - Group B,M,Stade de France,1952047,da SILVA Luiz Mauricio,BRA,4,85.91,DISTANCE
Men's Javelin Throw,Qualification - Group B,M,Stade de France,1887993,MARDARE Andrian,MDA,5,84.13,DISTANCE
Men's Javelin Throw,Qualification - Group B,M,Stade de France,1904295,ETELATALO Lassi,FIN,6,82.91,DISTANCE
Men's Javelin Throw,Qualification - Group B,M,Stade de France,1573126,KRUKOWSKI Marcin,POL,7,82.34,DISTANCE
Men's Javelin Throw,Qualification - Group B,M,Stade de France,1571554,FELFNER Artur,UKR,8,81.84,DISTANCE
Men's Javelin Throw,Qualification - Group B,M,Stade de France,1939739,McENTYRE Cameron,AUS,9,81.18,DISTANCE
Men's Javelin Throw,Qualification - Group B,M,Stade de France,1895573,HERMAN Timothy,BEL,10,79.42,DISTANCE
Men's Javelin Throw,Qualification - Group B,M,Stade de France,1922706,MATUSEVICIUS Edis,LTU,11,79.4,DISTANCE
Men's Javelin Throw,Qualification - Group B,M,Stade de France,1920326,DEHNING Max,GER,12,79.24,DISTANCE
Men's Javelin Throw,Qualification - Group B,M,Stade de France,1572993,MRZYGLOD Cyprian,POL,13,78.5,DISTANCE
Men's Javelin Throw,Qualification - Group B,M,Stade de France,1977075,NNAMDI Chinecherem,NGR,14,77.53,DISTANCE
Men's Javelin Throw,Qualification - Group B,M,Stade de France,1910505,MAHMOUD Moustafa,EGY,15,74.87,DISTANCE
Men's Javelin Throw,Qualification - Group A,M,Stade de France,1920236,WEBER Julian,GER,1,87.76,DISTANCE
Men's Javelin Throw,Qualification - Group A,M,Stade de France,1959716,YEGO Julius,KEN,2,85.97,DISTANCE
Men's Javelin Throw,Qualification - Group A,M,Stade de France,1892168,VADLEJCH Jakub,CZE,3,85.63,DISTANCE
Men's Javelin Throw,Qualification - Group A,M,Stade de France,1904314,KERANEN Toni,FIN,4,85.27,DISTANCE
Men's Javelin Throw,Qualification - Group A,M,Stade de France,1904302,HELANDER Oliver,FIN,5,83.81,DISTANCE
Men's Javelin Throw,Qualification - Group A,M,Stade de France,1911652,WALCOTT Keshorn,TTO,6,83.02,DISTANCE
Men's Javelin Throw,Qualification - Group A,M,Stade de France,1919803,DEAN Roderick Genki,JPN,7,82.48,DISTANCE
Men's Javelin Throw,Qualification - Group A,M,Stade de France,1539008,NOVAC Alexandru Mihaita,ROU,8,81.08,DISTANCE
Men's Javelin Throw,Qualification - Group A,M,Stade de France,1544388,JENA Kishore,IND,9,80.73,DISTANCE
Men's Javelin Throw,Qualification - Group A,M,Stade de France,1952127,RODRIGUES Pedro Henrique,BRA,10,79.46,DISTANCE
Men's Javelin Throw,Qualification - Group A,M,Stade de France,1948119,GAILUMS Patriks,LAT,11,77.26,DISTANCE
Men's Javelin Throw,Qualification - Group A,M,Stade de France,1573020,WEGNER Dawid,POL,12,76.89,DISTANCE
Men's Javelin Throw,Qualification - Group A,M,Stade de France,1965849,THOMPSON Curtis,USA,13,76.79,DISTANCE
Men's Javelin Throw,Qualification - Group A,M,Stade de France,1938770,RAMOS Leandro,POR,14,75.73,DISTANCE
Men's Javelin Throw,Qualification - Group A,M,Stade de France,1910248,ABDELRAHMAN Ihab,EGY,15,72.98,DISTANCE
Men's Javelin Throw,Final,M,Stade de France,1878563,NADEEM Arshad,PAK,1,92.97,DISTANCE
Men's Javelin Throw,Final,M,Stade de France,1550250,CHOPRA Neeraj,IND,2,89.45,DISTANCE
Men's Javelin Throw,Final,M,Stade de France,1573418,PETERS Anderson,GRN,3,88.54,DISTANCE
Men's Javelin Throw,Final,M,Stade de France,1892168,VADLEJCH Jakub,CZE,4,88.5,DISTANCE
Men's Javelin Throw,Final,M,Stade de France,1959716,YEGO Julius,KEN,5,87.72,DISTANCE
Men's Javelin Throw,Final,M,Stade de France,1920236,WEBER Julian,GER,6,87.4,DISTANCE
Men's Javelin Throw,Final,M,Stade de France,1911652,WALCOTT Keshorn,TTO,7,86.16,DISTANCE
Men's Javelin Throw,Final,M,Stade de France,1904295,ETELATALO Lassi,FIN,8,84.58,DISTANCE
Men's Javelin Throw,Final,M,Stade de France,1904302,HELANDER Oliver,FIN,9,82.68,DISTANCE
Men's Javelin Throw,Final,M,Stade de France,1904314,KERANEN Toni,FIN,10,80.92,DISTANCE
Men's Javelin Throw,Final,M,Stade de France,1952047,da SILVA Luiz Mauricio,BRA,11,80.67,DISTANCE
Men's Javelin Throw,Final,M,Stade de France,1887993,MARDARE Andrian,MDA,12,80.1,DISTANCE
Men's Long Jump,Qualification - Group A,M,Stade de France,1961246,TENTOGLOU Miltiadis,GRE,1,8.32,DISTANCE
Men's Long Jump,Qualification - Group A,M,Stade de France,1552378,FURLANI Mattia,ITA,2,8.01,DISTANCE
Men's Long Jump,Qualification - Group A,M,Stade de France,1924416,FINCHAM-DUKES Jacob,GBR,3,7.96,DISTANCE
Men's Long Jump,Qualification - Group A,M,Stade de France,1913105,McLEOD Carey,JAM,4,7.9,DISTANCE
Men's Long Jump,Qualification - Group A,M,Stade de France,1920314,BATZ Simon,GER,5,7.9,DISTANCE
Men's Long Jump,Qualification - Group A,M,Stade de France,1912256,LASA Emiliano,URU,6,7.87,DISTANCE
Men's Long Jump,Qualification - Group A,M,Stade de France,1905182,SARABOYUKOV Bozhidar,BUL,7,7.87,DISTANCE
Men's Long Jump,Qualification - Group A,M,Stade de France,4979563,DAVIS Jeremiah,USA,8,7.83,DISTANCE
Men's Long Jump,Qualification - Group A,M,Stade de France,1919826,HASHIOKA Yuki,JPN,9,7.81,DISTANCE
Men's Long Jump,Qualification - Group A,M,Stade de France,1896903,ANVAROV Anvar,UZB,10,7.77,DISTANCE
Men's Long Jump,Qualification - Group A,M,Stade de France,1981073,van VUUREN Jovan,RSA,11,7.7,DISTANCE
Men's Long Jump,Qualification - Group A,M,Stade de France,1920828,SHI Yuhao,CHN,12,7.68,DISTANCE
Men's Long Jump,Qualification - Group A,M,Stade de France,1563243,PARADA Alejandro,CUB,13,7.62,DISTANCE
Men's Long Jump,Qualification - Group A,M,Stade de France,1939816,ADCOCK Liam,AUS,14,7.56,DISTANCE
Men's Long Jump,Qualification - Group A,M,Stade de France,1894570,ALSALAMI Mohammad Amin,EOR,15,7.24,DISTANCE
Men's Long Jump,Qualification - Group A,M,Stade de France,1892133,MEINDLSCHMID Petr,CZE,16,6.97,DISTANCE
Men's Long Jump,Qualification - Group B,M,Stade de France,1892118,JUSKA Radek,CZE,1,8.15,DISTANCE
Men's Long Jump,Qualification - Group B,M,Stade de France,1926736,WANG Jianan,CHN,2,8.12,DISTANCE
Men's Long Jump,Qualification - Group B,M,Stade de France,1976506,EHAMMER Simon,SUI,3,8.09,DISTANCE
Men's Long Jump,Qualification - Group B,M,Stade de France,1922341,PRAVDICA Filip,CRO,4,8.04,DISTANCE
Men's Long Jump,Qualification - Group B,M,Stade de France,1938899,PINNOCK Wayne,JAM,5,7.96,DISTANCE
Men's Long Jump,Qualification - Group B,M,Stade de France,1920830,ZHANG Mingkun,CHN,6,7.92,DISTANCE
Men's Long Jump,Qualification - Group B,M,Stade de France,1543470,DALMERO Arnovis,COL,7,7.92,DISTANCE
Men's Long Jump,Qualification - Group B,M,Stade de France,1569337,MONTLER Thobias,SWE,8,7.82,DISTANCE
Men's Long Jump,Qualification - Group B,M,Stade de France,1939749,MITREVSKI Christopher,AUS,9,7.79,DISTANCE
Men's Long Jump,Qualification - Group B,M,Stade de France,1566472,GAYLE Tajay,JAM,10,7.78,DISTANCE
Men's Long Jump,Qualification - Group B,M,Stade de France,1960664,CLEMONS Malcolm,USA,11,7.72,DISTANCE
Men's Long Jump,Qualification - Group B,M,Stade de France,1565505,LIN Yu-Tang,TPE,12,7.7,DISTANCE
Men's Long Jump,Qualification - Group B,M,Stade de France,1563503,ALDRIN Jeswin,IND,13,7.61,DISTANCE
Men's Long Jump,Qualification - Group B,M,Stade de France,1910661,CAMPAGNE Tom,FRA,14,7.51,DISTANCE
Men's Long Jump,Qualification - Group B,M,Stade de France,1981081,JOHNSON Cheswill,RSA,15,4.49,DISTANCE
Men's Long Jump,Final,M,Stade de France,1961246,TENTOGLOU Miltiadis,GRE,1,8.48,DISTANCE
Men's Long Jump,Final,M,Stade de France,1938899,PINNOCK Wayne,JAM,2,8.36,DISTANCE
Men's Long Jump,Final,M,Stade de France,1552378,FURLANI Mattia,ITA,3,8.34,DISTANCE
Men's Long Jump,Final,M,Stade de France,1976506,EHAMMER Simon,SUI,4,8.2,DISTANCE
Men's Long Jump,Final,M,Stade de France,1924416,FINCHAM-DUKES Jacob,GBR,5,8.14,DISTANCE
Men's Long Jump,Final,M,Stade de France,1920314,BATZ Simon,GER,6,8.07,DISTANCE
Men's Long Jump,Final,M,Stade de France,1920830,ZHANG Mingkun,CHN,7,8.07,DISTANCE
Men's Long Jump,Final,M,Stade de France,1926736,WANG Jianan,CHN,8,8.03,DISTANCE
Men's Long Jump,Final,M,Stade de France,1922341,PRAVDICA Filip,CRO,9,7.9,DISTANCE
Men's Long Jump,Final,M,Stade de France,1892118,JUSKA Radek,CZE,10,7.83,DISTANCE
Men's Long Jump,Final,M,Stade de France,1543470,DALMERO Arnovis,COL,11,7.83,DISTANCE
Men's Long Jump,Final,M,Stade de France,1913105,McLEOD Carey,JAM,12,7.82,DISTANCE
Men's Pole Vault,Qualification - Group A,M,Stade de France,1569203,DUPLANTIS Armand,SWE,1,5.75,DISTANCE
Men's Pole Vault,Qualification - Group A,M,Stade de France,1878360,GUTTORMSEN Sondre,NOR,1,5.75,DISTANCE
Men's Pole Vault,Qualification - Group A,M,Stade de France,1961218,KARALIS Emmanouil,GRE,1,5.75,DISTANCE
Men's Pole Vault,Qualification - Group A,M,Stade de France,1566152,SASMA Ersu,TUR,1,5.75,DISTANCE
Men's Pole Vault,Qualification - Group A,M,Stade de France,1972277,VLOON Menno,NED,5,5.75,DISTANCE
Men's Pole Vault,Qualification - Group A,M,Stade de France,1978055,OBIENA Ernest John,PHI,6,5.75,DISTANCE
Men's Pole Vault,Qualification - Group A,M,Stade de France,1960178,KENDRICKS Sam,USA,7,5.75,DISTANCE
Men's Pole Vault,Qualification - Group A,M,Stade de France,1920162,LITA BAEHRE Bo Kanda,GER,8,5.75,DISTANCE
Men's Pole Vault,Qualification - Group A,M,Stade de France,1939809,MARSCHALL Kurtis,AUS,9,5.7,DISTANCE
Men's Pole Vault,Qualification - Group A,M,Stade de France,1948124,KREISS Valters,LAT,9,5.7,DISTANCE
Men's Pole Vault,Qualification - Group A,M,Stade de France,1910681,COLLET Thibaut,FRA,11,5.7,DISTANCE
Men's Pole Vault,Qualification - Group A,M,Stade de France,1910615,AMMIRATI Anthony,FRA,12,5.6,DISTANCE
Men's Pole Vault,Qualification - Group A,M,Stade de France,1878359,GUTTORMSEN Simen,NOR,12,5.6,DISTANCE
Men's Pole Vault,Qualification - Group A,M,Stade de France,1573173,SOBERA Robert,POL,12,5.6,DISTANCE
Men's Pole Vault,Qualification - Group A,M,Stade de France,1965894,WOOTEN Jacob,USA,15,5.6,DISTANCE
Men's Pole Vault,Qualification - Group B,M,Stade de France,1920246,ZERNIKEL Oleg,GER,1,5.75,DISTANCE
Men's Pole Vault,Qualification - Group B,M,Stade de France,1920839,HUANG Bokai,CHN,2,5.75,DISTANCE
Men's Pole Vault,Qualification - Group B,M,Stade de France,1552384,STECCHI Claudio Michel,ITA,3,5.7,DISTANCE
Men's Pole Vault,Qualification - Group B,M,Stade de France,1895559,BROEDERS Ben,BEL,4,5.6,DISTANCE
Men's Pole Vault,Qualification - Group B,M,Stade de France,1573134,LISEK Piotr,POL,4,5.6,DISTANCE
Men's Pole Vault,Qualification - Group B,M,Stade de France,1892110,HOLY David,CZE,6,5.6,DISTANCE
Men's Pole Vault,Qualification - Group B,M,Stade de France,1920838,YAO Jie,CHN,6,5.6,DISTANCE
Men's Pole Vault,Qualification - Group B,M,Stade de France,1920301,BLECH Torben,GER,8,5.4,DISTANCE
Men's Pole Vault,Qualification - Group B,M,Stade de France,1910732,EMIG Robin,FRA,8,5.4,DISTANCE
Men's Pole Vault,Qualification - Group B,M,Stade de France,1892147,SCERBA Matej,CZE,8,5.4,DISTANCE
Men's Pole Vault,Qualification - Group B,M,Stade de France,1938764,BUARO Pedro,POR,11,5.4,DISTANCE
Men's Pole Vault,Qualification - Group B,M,Stade de France,1965211,NILSEN Christopher,USA,11,5.4,DISTANCE
Men's Pole Vault,Qualification - Group B,M,Stade de France,1920840,ZHONG Tao,CHN,11,5.4,DISTANCE
Men's Pole Vault,Qualification - Group B,M,Stade de France,1904325,KUJANPAA Urho,FIN,14,5.4,DISTANCE
Men's Pole Vault,Final,M,Stade de France,1569203,DUPLANTIS Armand,SWE,1,6.25,DISTANCE
Men's Pole Vault,Final,M,Stade de France,1960178,KENDRICKS Sam,USA,2,5.95,DISTANCE
Men's Pole Vault,Final,M,Stade de France,1961218,KARALIS Emmanouil,GRE,3,5.9,DISTANCE
Men's Pole Vault,Final,M,Stade de France,1978055,OBIENA Ernest John,PHI,4,5.9,DISTANCE
Men's Pole Vault,Final,M,Stade de France,1566152,SASMA Ersu,TUR,5,5.85,DISTANCE
Men's Pole Vault,Final,M,Stade de France,1939809,MARSCHALL Kurtis,AUS,6,5.85,DISTANCE
Men's Pole Vault,Final,M,Stade de France,1920839,HUANG Bokai,CHN,7,5.8,DISTANCE
Men's Pole Vault,Final,M,Stade de France,1878360,GUTTORMSEN Sondre,NOR,8,5.8,DISTANCE
Men's Pole Vault,Final,M,Stade de France,1920162,LITA BAEHRE Bo Kanda,GER,9,5.7,DISTANCE
Men's Pole Vault,Final,M,Stade de France,1920246,ZERNIKEL Oleg,GER,9,5.7,DISTANCE
Men's Pole Vault,Final,M,Stade de France,1972277,VLOON Menno,NED,11,5.7,DISTANCE
Men's Pole Vault,Final,M,Stade de France,1948124,KREISS Valters,LAT,12,5.5,DISTANCE
Men's Shot Put,Qualification - Group B,M,Stade de France,1965298,OTTERDAHL Payton,USA,1,21.52,DISTANCE
Men's Shot Put,Qualification - Group B,M,Stade de France,1926710,WALSH Tom,NZL,2,21.48,DISTANCE
Men's Shot Put,Qualification - Group B,M,Stade de France,1965246,KOVACS Joe,USA,3,21.24,DISTANCE
Men's Shot Put,Qualification - Group B,M,Stade de France,1535201,MUNOZ Uziel,MEX,4,21.22,DISTANCE
Men's Shot Put,Qualification - Group B,M,Stade de France,1926201,ENEKWECHI Chukwuebuka Cornnell,NGR,5,21.13,DISTANCE
Men's Shot Put,Qualification - Group B,M,Stade de France,1552390,WEIR Zane,ITA,6,21,DISTANCE
Men's Shot Put,Qualification - Group B,M,Stade de France,1981092,BLIGNAUT Kyle,RSA,7,20.78,DISTANCE
Men's Shot Put,Qualification - Group B,M,Stade de France,1909476,TOLO Mohamed Daouda,KSA,8,20.65,DISTANCE
Men's Shot Put,Qualification - Group B,M,Stade de France,1539342,TOADER Andrei Rares,ROU,9,20.24,DISTANCE
Men's Shot Put,Qualification - Group B,M,Stade de France,1572973,HARATYK Michal,POL,10,19.94,DISTANCE
Men's Shot Put,Qualification - Group B,M,Stade de France,1910520,HASSAN Mostafa Amr,EGY,11,19.7,DISTANCE
Men's Shot Put,Qualification - Group B,M,Stade de France,1924447,LINCOLN Scott,GBR,12,19.69,DISTANCE
Men's Shot Put,Qualification - Group B,M,Stade de France,1571552,KOKOSHKO Roman,UKR,13,19.36,DISTANCE
Men's Shot Put,Qualification - Group B,M,Stade de France,1947576,SINANCEVIC Armin,SRB,14,19.31,DISTANCE
Men's Shot Put,Qualification - Group A,M,Stade de France,1552386,FABBRI Leonardo,ITA,1,21.76,DISTANCE
Men's Shot Put,Qualification - Group A,M,Stade de France,1892155,STANEK Tomas,CZE,2,21.61,DISTANCE
Men's Shot Put,Qualification - Group A,M,Stade de France,1960688,CROUSER Ryan,USA,3,21.49,DISTANCE
Men's Shot Put,Qualification - Group A,M,Stade de France,1926691,GILL Jacko,NZL,4,21.35,DISTANCE
Men's Shot Put,Qualification - Group A,M,Stade de France,1564189,CAMPBELL Rajindra,JAM,5,21.05,DISTANCE
Men's Shot Put,Qualification - Group A,M,Stade de France,1878345,THOMSEN Marcus,NOR,6,20.81,DISTANCE
Men's Shot Put,Qualification - Group A,M,Stade de France,1922213,MIHALJEVIC Filip,CRO,7,20.75,DISTANCE
Men's Shot Put,Qualification - Group A,M,Stade de France,1938808,ARNAUDOV Tsanko,POR,8,20.31,DISTANCE
Men's Shot Put,Qualification - Group A,M,Stade de France,1539131,BERTEMES Bob,LUX,9,20.27,DISTANCE
Men's Shot Put,Qualification - Group A,M,Stade de France,1537547,SASIA Nazareno,ARG,10,19.33,DISTANCE
Men's Shot Put,Qualification - Group A,M,Stade de France,1910454,KHALIFA Mohamed,EGY,11,19.27,DISTANCE
Men's Shot Put,Qualification - Group A,M,Stade de France,1933377,PEZER Mesud,BIH,12,19.03,DISTANCE
Men's Shot Put,Qualification - Group A,M,Stade de France,1543281,FAVORS Eric,IRL,13,19.02,DISTANCE
Men's Shot Put,Qualification - Group A,M,Stade de France,1573061,BUKOWIECKI Konrad,POL,14,18.83,DISTANCE
Men's Shot Put,Qualification - Group A,M,Stade de France,1544385,TOOR Tajinderpal Singh,IND,15,18.05,DISTANCE
Men's Shot Put,Final,M,Stade de France,1960688,CROUSER Ryan,USA,1,22.9,DISTANCE
Men's Shot Put,Final,M,Stade de France,1965246,KOVACS Joe,USA,2,22.15,DISTANCE
Men's Shot Put,Final,M,Stade de France,1564189,CAMPBELL Rajindra,JAM,3,22.15,DISTANCE
Men's Shot Put,Final,M,Stade de France,1965298,OTTERDAHL Payton,USA,4,22.03,DISTANCE
Men's Shot Put,Final,M,Stade de France,1552386,FABBRI Leonardo,ITA,5,21.7,DISTANCE
Men's Shot Put,Final,M,Stade de France,1926201,ENEKWECHI Chukwuebuka Cornnell,NGR,6,21.42,DISTANCE
Men's Shot Put,Final,M,Stade de France,1926691,GILL Jacko,NZL,7,21.15,DISTANCE
Men's Shot Put,Final,M,Stade de France,1535201,MUNOZ Uziel,MEX,8,20.88,DISTANCE
Men's Shot Put,Final,M,Stade de France,1878345,THOMSEN Marcus,NOR,9,20.67,DISTANCE
Men's Shot Put,Final,M,Stade de France,1892155,STANEK Tomas,CZE,10,20.37,DISTANCE
Men's Shot Put,Final,M,Stade de France,1552390,WEIR Zane,ITA,11,20.24,DISTANCE
Men's Triple Jump,Qualification - Group A,M,Stade de France,1904099,DIAZ FORTUN Jordan Alejandro,ESP,1,17.24,DISTANCE
Men's Triple Jump,Qualification - Group A,M,Stade de France,1571964,ZANGO Hugues Fabrice,BUR,2,17.16,DISTANCE
Men's Triple Jump,Qualification - Group A,M,Stade de France,1951912,dos SANTOS Almir,BRA,3,17.06,DISTANCE
Men's Triple Jump,Qualification - Group A,M,Stade de France,1963577,TRIKI Yasser Mohammed,ALG,4,16.85,DISTANCE
Men's Triple Jump,Qualification - Group A,M,Stade de France,1552375,DIAZ HERNANDEZ Andy,ITA,5,16.79,DISTANCE
Men's Triple Jump,Qualification - Group A,M,Stade de France,1911894,PONTVIANNE Jean-Marc,FRA,6,16.79,DISTANCE
Men's Triple Jump,Qualification - Group A,M,Stade de France,1965855,SCOTT Donald,USA,7,16.77,DISTANCE
Men's Triple Jump,Qualification - Group A,M,Stade de France,1562845,HECHAVARRIA Andy,CUB,8,16.7,DISTANCE
Men's Triple Jump,Qualification - Group A,M,Stade de France,1973994,SCOTT Jordan,JAM,9,16.36,DISTANCE
Men's Triple Jump,Qualification - Group A,M,Stade de France,1938807,PEREIRA Tiago,POR,10,16.36,DISTANCE
Men's Triple Jump,Qualification - Group A,M,Stade de France,1902635,KIM Jangwoo,KOR,11,16.31,DISTANCE
Men's Triple Jump,Qualification - Group A,M,Stade de France,1563514,CHITHRAVEL Praveen,IND,12,16.25,DISTANCE
Men's Triple Jump,Qualification - Group A,M,Stade de France,1538903,PERINCHIEF Jah-Nhai,BER,13,16.23,DISTANCE
Men's Triple Jump,Qualification - Group A,M,Stade de France,1906713,TORREALBA Leodan,VEN,14,16.18,DISTANCE
Men's Triple Jump,Qualification - Group A,M,Stade de France,1926697,OLIVIER Ethan,NZL,15,16.16,DISTANCE
Men's Triple Jump,Qualification - Group A,M,Stade de France,1920835,FANG Yaoqing,CHN,16,15.85,DISTANCE
Men's Triple Jump,Qualification - Group B,M,Stade de France,1938792,PICHARDO Pedro,POR,1,17.44,DISTANCE
Men's Triple Jump,Qualification - Group B,M,Stade de France,1965303,MANE Salif,USA,2,17.16,DISTANCE
Men's Triple Jump,Qualification - Group B,M,Stade de France,1912813,HIBBERT Jaydon,JAM,3,16.99,DISTANCE
Men's Triple Jump,Qualification - Group B,M,Stade de France,1920128,HESS Max,GER,4,16.98,DISTANCE
Men's Triple Jump,Qualification - Group B,M,Stade de France,1920833,ZHU Yaming,CHN,5,16.91,DISTANCE
Men's Triple Jump,Qualification - Group B,M,Stade de France,1939753,MURPHY Connor,AUS,6,16.8,DISTANCE
Men's Triple Jump,Qualification - Group B,M,Stade de France,1562997,MARTINEZ Lazaro,CUB,7,16.79,DISTANCE
Men's Triple Jump,Qualification - Group B,M,Stade de France,1910756,GOGOIS Thomas,FRA,8,16.77,DISTANCE
Men's Triple Jump,Qualification - Group B,M,Stade de France,1920836,SU Wen,CHN,9,16.7,DISTANCE
Men's Triple Jump,Qualification - Group B,M,Stade de France,1954910,NAPOLES Cristian,CUB,10,16.67,DISTANCE
Men's Triple Jump,Qualification - Group B,M,Stade de France,1552374,DALLAVALLE Andrea,ITA,11,16.65,DISTANCE
Men's Triple Jump,Qualification - Group B,M,Stade de France,1552380,IHEMEJE Emmanuel,ITA,12,16.5,DISTANCE
Men's Triple Jump,Qualification - Group B,M,Stade de France,1544350,NARANGOLINTEVIDA Abdulla,IND,13,16.49,DISTANCE
Men's Triple Jump,Qualification - Group B,M,Stade de France,1965302,ROBINSON Russell,USA,14,16.47,DISTANCE
Men's Triple Jump,Qualification - Group B,M,Stade de France,1965710,MORENO Geiner,COL,15,16.4,DISTANCE
Men's Triple Jump,Qualification - Group B,M,Stade de France,1566243,ER Necati,TUR,16,13.65,DISTANCE
Men's Triple Jump,Final,M,Stade de France,1904099,DIAZ FORTUN Jordan Alejandro,ESP,1,17.86,DISTANCE
Men's Triple Jump,Final,M,Stade de France,1938792,PICHARDO Pedro,POR,2,17.84,DISTANCE
Men's Triple Jump,Final,M,Stade de France,1552375,DIAZ HERNANDEZ Andy,ITA,3,17.64,DISTANCE
Men's Triple Jump,Final,M,Stade de France,1912813,HIBBERT Jaydon,JAM,4,17.61,DISTANCE
Men's Triple Jump,Final,M,Stade de France,1571964,ZANGO Hugues Fabrice,BUR,5,17.5,DISTANCE
Men's Triple Jump,Final,M,Stade de France,1965303,MANE Salif,USA,6,17.41,DISTANCE
Men's Triple Jump,Final,M,Stade de France,1920128,HESS Max,GER,7,17.38,DISTANCE
Men's Triple Jump,Final,M,Stade de France,1562997,MARTINEZ Lazaro,CUB,8,17.34,DISTANCE
Men's Triple Jump,Final,M,Stade de France,1963577,TRIKI Yasser Mohammed,ALG,9,17.22,DISTANCE
Men's Triple Jump,Final,M,Stade de France,1920833,ZHU Yaming,CHN,10,16.76,DISTANCE
Men's Triple Jump,Final,M,Stade de France,1951912,dos SANTOS Almir,BRA,11,16.41,DISTANCE
Men's Triple Jump,Final,M,Stade de France,1939753,MURPHY Connor,AUS,12,16.3,DISTANCE
Women's 100m,Preliminary Round - Heat 3,W,Stade de France,1541468,SEMEDO Gorete,STP,1,11.44,TIME
Women's 100m,Preliminary Round - Heat 3,W,Stade de France,1943523,TORREZ Guadalupe,BOL,2,11.6,TIME
Women's 100m,Preliminary Round - Heat 3,W,Stade de France,1926804,BEU Leonie,PNG,3,11.63,TIME
Women's 100m,Preliminary Round - Heat 3,W,Stade de France,1949808,CARMONA Maria,NCA,4,11.88,TIME
Women's 100m,Preliminary Round - Heat 3,W,Stade de France,1922434,ACQUAVIVA Safiatou,GUI,5,11.97,TIME
Women's 100m,Preliminary Round - Heat 3,W,Stade de France,1926575,DAVID Chloe,VAN,6,12.44,TIME
Women's 100m,Preliminary Round - Heat 3,W,Stade de France,1897107,ASHRAF Shahd,QAT,7,12.53,TIME
Women's 100m,Preliminary Round - Heat 3,W,Stade de France,1968945,YOUSSEF Alisar,SYR,8,12.93,TIME
Women's 100m,Preliminary Round - Heat 3,W,Stade de France,1556074,YOUSOFI Kimia,AFG,9,13.42,TIME
Women's 100m,Preliminary Round - Heat 2,W,Stade de France,1777739,TRAN Thi Nhi Yen,VIE,1,11.81,TIME
Women's 100m,Preliminary Round - Heat 2,W,Stade de France,1574031,HAZZARD Halle,GRN,2,11.88,TIME
Women's 100m,Preliminary Round - Heat 2,W,Stade de France,1565550,ZHANG Bo-Ya,TPE,3,11.99,TIME
Women's 100m,Preliminary Round - Heat 2,W,Stade de France,1566534,TUGADE-WATSON Regine,GUM,4,12.02,TIME
Women's 100m,Preliminary Round - Heat 2,W,Stade de France,1932952,KHARCHILAVA Lika,GEO,5,12.37,TIME
Women's 100m,Preliminary Round - Heat 2,W,Stade de France,1878688,RIAZ Faiqa,PAK,6,12.49,TIME
Women's 100m,Preliminary Round - Heat 2,W,Stade de France,1969785,AL ALAWI Mazoon,OMA,7,12.58,TIME
Women's 100m,Preliminary Round - Heat 2,W,Stade de France,1954941,IAKOPO Filomenaleonisa,ASA,8,12.78,TIME
Women's 100m,Preliminary Round - Heat 2,W,Stade de France,3561050,ALFARSI Mariam,UAE,9,13.26,TIME
Women's 100m,Round 1 - Heat 1,W,Stade de France,1960181,RICHARDSON Sha'carri,USA,1,10.94,TIME
Women's 100m,Round 1 - Heat 1,W,Stade de France,1545881,van der WEKEN Patrizia,LUX,2,11.14,TIME
Women's 100m,Round 1 - Heat 1,W,Stade de France,1939734,MASTERS Bree,AUS,3,11.26,TIME
Women's 100m,Round 1 - Heat 1,W,Stade de France,1974192,MADOGO Jacqueline,CAN,4,11.27,TIME
Women's 100m,Round 1 - Heat 1,W,Stade de France,1938773,BAZOLO Lorene Dorcas,POR,5,11.38,TIME
Women's 100m,Round 1 - Heat 1,W,Stade de France,1551918,EVELYN Tristan,BAR,6,11.55,TIME
Women's 100m,Round 1 - Heat 1,W,Stade de France,1777739,TRAN Thi Nhi Yen,VIE,7,11.79,TIME
Women's 100m,Round 1 - Heat 1,W,Stade de France,1535660,SIMWAKA Asimenye,MAW,8,11.91,TIME
Women's 100m,Round 1 - Heat 1,W,Stade de France,1897843,DAVIES Thelma,LBR,9,12.05,TIME
Women's 100m,Round 1 - Heat 2,W,Stade de France,1537325,ALFRED Julien,LCA,1,10.95,TIME
Women's 100m,Round 1 - Heat 2,W,Stade de France,1926709,HOBBS Zoe,NZL,2,11.08,TIME
Women's 100m,Round 1 - Heat 2,W,Stade de France,1552163,DOSSO Zaynab,ITA,3,11.3,TIME
Women's 100m,Round 1 - Heat 2,W,Stade de France,1907957,AHYE Michelle-Lee,TTO,4,11.33,TIME
Women's 100m,Round 1 - Heat 2,W,Stade de France,1556385,GARCIA ABREU Yunisleidy,CUB,5,11.37,TIME
Women's 100m,Round 1 - Heat 2,W,Stade de France,1541468,SEMEDO Gorete,STP,6,11.43,TIME
Women's 100m,Round 1 - Heat 2,W,Stade de France,1561820,FOTOPOULOU Olivia,CYP,7,11.5,TIME
Women's 100m,Round 1 - Heat 2,W,Stade de France,1897836,SMITH-BARNETT Destiny,LBR,8,11.99,TIME
Women's 100m,Round 1 - Heat 2,W,Stade de France,1958586,SESAY Georgiana,SLE,9,12.15,TIME
Women's 100m,Round 1 - Heat 5,W,Stade de France,1573013,SWOBODA Ewa,POL,1,10.99,TIME
Women's 100m,Round 1 - Heat 5,W,Stade de France,1924384,ASHER-SMITH Dina,GBR,2,11.01,TIME
Women's 100m,Round 1 - Heat 5,W,Stade de France,1969607,CHUKWUMA Rosemary,NGR,3,11.26,TIME
Women's 100m,Round 1 - Heat 5,W,Stade de France,1951888,AZEVEDO Ana Carolina,BRA,4,11.32,TIME
Women's 100m,Round 1 - Heat 5,W,Stade de France,1976527,FREY Geraldine,SUI,5,11.34,TIME
Women's 100m,Round 1 - Heat 5,W,Stade de France,1930404,TENORIO Angela Gabriela,ECU,6,11.35,TIME
Women's 100m,Round 1 - Heat 5,W,Stade de France,1536683,FASIHI Farzaneh,IRI,7,11.51,TIME
Women's 100m,Round 1 - Heat 5,W,Stade de France,1926804,BEU Leonie,PNG,8,11.73,TIME
Women's 100m,Round 1 - Heat 5,W,Stade de France,1980033,CHACON Mariandree,GUA,9,12.06,TIME
Women's 100m,Round 1 - Heat 6,W,Stade de France,1965942,TERRY Twanisha,USA,1,11.15,TIME
Women's 100m,Round 1 - Heat 6,W,Stade de France,1543422,FORBES Shashalee,JAM,2,11.19,TIME
Women's 100m,Round 1 - Heat 6,W,Stade de France,1908830,BERTRAND Leah,TTO,3,11.27,TIME
Women's 100m,Round 1 - Heat 6,W,Stade de France,1977687,KORA Salome,SUI,4,11.35,TIME
Women's 100m,Round 1 - Heat 6,W,Stade de France,1536495,TAMAYO-GARZA Cecilia,MEX,5,11.39,TIME
Women's 100m,Round 1 - Heat 6,W,Stade de France,1568814,FORSTER Viktoria,SVK,6,11.44,TIME
Women's 100m,Round 1 - Heat 6,W,Stade de France,1904313,KEMPPINEN Lotta,FIN,7,11.56,TIME
Women's 100m,Round 1 - Heat 6,W,Stade de France,1539540,ALLERS-LIBURD Zahria,SKN,8,11.89,TIME
Women's 100m,Round 1 - Heat 6,W,Stade de France,1949808,CARMONA Maria,NCA,9,12,TIME
Women's 100m,Round 1 - Heat 7,W,Stade de France,1533136,BASS BITTAYE Gina Mariam,GAM,1,11.01,TIME
Women's 100m,Round 1 - Heat 7,W,Stade de France,1977673,KAMBUNDJI Mujinga,SUI,2,11.05,TIME
Women's 100m,Round 1 - Heat 7,W,Stade de France,1895585,NKANSA Delphine,BEL,3,11.2,TIME
Women's 100m,Round 1 - Heat 7,W,Stade de France,1961213,EMMANOUILIDOU Polyniki,GRE,4,11.25,TIME
Women's 100m,Round 1 - Heat 7,W,Stade de France,1920119,HAASE Rebekka,GER,5,11.28,TIME
Women's 100m,Round 1 - Heat 7,W,Stade de France,1969457,GODBLESS Tima,NGR,6,11.33,TIME
Women's 100m,Round 1 - Heat 7,W,Stade de France,1535858,PEREIRA Veronica Shanti,SGP,7,11.63,TIME
Women's 100m,Round 1 - Heat 7,W,Stade de France,1574031,HAZZARD Halle,GRN,8,11.7,TIME
Women's 100m,Round 1 - Heat 7,W,Stade de France,1547764,HIEBERT Xenia,PAR,9,11.82,TIME
Women's 100m,Round 1 - Heat 3,W,Stade de France,1924460,NEITA Daryll,GBR,1,10.92,TIME
Women's 100m,Round 1 - Heat 3,W,Stade de France,1961011,JEFFERSON Melissa,USA,2,10.96,TIME
Women's 100m,Round 1 - Heat 3,W,Stade de France,1928494,TAKACS Boglarka,HUN,3,11.1,TIME
Women's 100m,Round 1 - Heat 3,W,Stade de France,1892130,MANASOVA Karolina,CZE,4,11.11,TIME
Women's 100m,Round 1 - Heat 3,W,Stade de France,1910785,JOSEPH Gemima,FRA,5,11.13,TIME
Women's 100m,Round 1 - Heat 3,W,Stade de France,1939764,CONNOLLY Ella,AUS,6,11.29,TIME
Women's 100m,Round 1 - Heat 3,W,Stade de France,1573175,STEFANOWICZ Magdalena,POL,7,11.47,TIME
Women's 100m,Round 1 - Heat 3,W,Stade de France,1943523,TORREZ Guadalupe,BOL,8,11.68,TIME
Women's 100m,Round 1 - Heat 3,W,Stade de France,1565550,ZHANG Bo-Ya,TPE,9,11.88,TIME
Women's 100m,Round 1 - Heat 4,W,Stade de France,1974169,LEDUC Audrey,CAN,1,10.95,TIME
Women's 100m,Round 1 - Heat 4,W,Stade de France,1890561,CLAYTON Tia,JAM,2,11,TIME
Women's 100m,Round 1 - Heat 4,W,Stade de France,1924446,LANSIQUOT Imani,GBR,3,11.1,TIME
Women's 100m,Round 1 - Heat 4,W,Stade de France,1538505,KONE Maboundou,CIV,4,11.17,TIME
Women's 100m,Round 1 - Heat 4,W,Stade de France,1569266,HENRIKSSON Julia,SWE,5,11.26,TIME
Women's 100m,Round 1 - Heat 4,W,Stade de France,1918967,GE Manqi,CHN,6,11.45,TIME
Women's 100m,Round 1 - Heat 4,W,Stade de France,1898307,GASPARELLI Alessandra,SMR,7,11.54,TIME
Women's 100m,Round 1 - Heat 4,W,Stade de France,1952180,ROSA Vitoria Cristina,BRA,8,12.02,TIME
Women's 100m,Round 1 - Heat 4,W,Stade de France,1922434,ACQUAVIVA Safiatou,GUI,9,12.07,TIME
Women's 100m,Preliminary Round - Heat 1,W,Stade de France,1537010,NGOYE Natacha,CGO,1,11.34,TIME
Women's 100m,Preliminary Round - Heat 1,W,Stade de France,1898307,GASPARELLI Alessandra,SMR,2,11.62,TIME
Women's 100m,Preliminary Round - Heat 1,W,Stade de France,1547764,HIEBERT Xenia,PAR,3,11.77,TIME
Women's 100m,Preliminary Round - Heat 1,W,Stade de France,1548543,MEREDOVA Valentina,TKM,4,12.01,TIME
Women's 100m,Preliminary Round - Heat 1,W,Stade de France,1896349,AWALI BOUBACAR Samira,NIG,5,12.06,TIME
Women's 100m,Preliminary Round - Heat 1,W,Stade de France,1950930,PHA APHAY Silina,LAO,6,12.45,TIME
Women's 100m,Preliminary Round - Heat 1,W,Stade de France,1565628,FRANCISCO Sydney,PLW,7,13.15,TIME
Women's 100m,Preliminary Round - Heat 1,W,Stade de France,1961203,AHAMDY Salam Bouha,MTN,8,13.71,TIME
Women's 100m,Round 1 - Heat 8,W,Stade de France,1951507,TA LOU-SMITH Marie-Josee,CIV,1,10.87,TIME
Women's 100m,Round 1 - Heat 8,W,Stade de France,1880728,FRASER-PRYCE Shelly-Ann,JAM,2,10.92,TIME
Women's 100m,Round 1 - Heat 8,W,Stade de France,1920164,LUECKENKEMPER Gina,GER,3,11.08,TIME
Women's 100m,Round 1 - Heat 8,W,Stade de France,1903105,ROSIUS Rani,BEL,4,11.1,TIME
Women's 100m,Round 1 - Heat 8,W,Stade de France,1561789,TORRES Gladymar,PUR,5,11.12,TIME
Women's 100m,Round 1 - Heat 8,W,Stade de France,1537010,NGOYE Natacha,CGO,6,11.36,TIME
Women's 100m,Round 1 - Heat 8,W,Stade de France,1555555,LLOYD Joella,ANT,7,11.37,TIME
Women's 100m,Round 1 - Heat 8,W,Stade de France,1566534,TUGADE-WATSON Regine,GUM,8,11.87,TIME
Women's 100m,Round 1 - Heat 8,W,Stade de France,1548543,MEREDOVA Valentina,TKM,9,11.95,TIME
Women's 100m,Preliminary Round - Heat 4,W,Stade de France,1539540,ALLERS-LIBURD Zahria,SKN,1,11.73,TIME
Women's 100m,Preliminary Round - Heat 4,W,Stade de France,1535660,SIMWAKA Asimenye,MAW,2,11.78,TIME
Women's 100m,Preliminary Round - Heat 4,W,Stade de France,1980033,CHACON Mariandree,GUA,3,11.9,TIME
Women's 100m,Preliminary Round - Heat 4,W,Stade de France,1958586,SESAY Georgiana,SLE,4,11.99,TIME
Women's 100m,Preliminary Round - Heat 4,W,Stade de France,1900751,AKAKPO Naomi,TOG,5,12.34,TIME
Women's 100m,Preliminary Round - Heat 4,W,Stade de France,1553020,GASTAUD Marie-Charlotte,MON,6,12.41,TIME
Women's 100m,Preliminary Round - Heat 4,W,Stade de France,4986655,ADA ETO Sefora,GEQ,7,13.63,TIME
Women's 100m,Preliminary Round - Heat 4,W,Stade de France,1897307,MANATOA Temalini,TUV,8,14.04,TIME
Women's 100m,Preliminary Round - Heat 4,W,Stade de France,1571488,FIRISUA Sharon,SOL,9,14.31,TIME
Women's 100m,Semi-Final 2,W,Stade de France,1537325,ALFRED Julien,LCA,1,10.84,TIME
Women's 100m,Semi-Final 2,W,Stade de France,1960181,RICHARDSON Sha'carri,USA,2,10.89,TIME
Women's 100m,Semi-Final 2,W,Stade de France,1533136,BASS BITTAYE Gina Mariam,GAM,3,11.1,TIME
Women's 100m,Semi-Final 2,W,Stade de France,1545881,van der WEKEN Patrizia,LUX,4,11.13,TIME
Women's 100m,Semi-Final 2,W,Stade de France,1924446,LANSIQUOT Imani,GBR,5,11.21,TIME
Women's 100m,Semi-Final 2,W,Stade de France,1561789,TORRES Gladymar,PUR,6,11.33,TIME
Women's 100m,Semi-Final 2,W,Stade de France,1939734,MASTERS Bree,AUS,7,11.34,TIME
Women's 100m,Semi-Final 2,W,Stade de France,1969607,CHUKWUMA Rosemary,NGR,8,11.39,TIME
Women's 100m,Semi-Final 1,W,Stade de France,1961011,JEFFERSON Melissa,USA,1,10.99,TIME
Women's 100m,Semi-Final 1,W,Stade de France,1951507,TA LOU-SMITH Marie-Josee,CIV,2,11.01,TIME
Women's 100m,Semi-Final 1,W,Stade de France,1977673,KAMBUNDJI Mujinga,SUI,3,11.05,TIME
Women's 100m,Semi-Final 1,W,Stade de France,1573013,SWOBODA Ewa,POL,4,11.08,TIME
Women's 100m,Semi-Final 1,W,Stade de France,1924384,ASHER-SMITH Dina,GBR,5,11.1,TIME
Women's 100m,Semi-Final 1,W,Stade de France,1543422,FORBES Shashalee,JAM,6,11.2,TIME
Women's 100m,Semi-Final 1,W,Stade de France,1928494,TAKACS Boglarka,HUN,7,11.26,TIME
Women's 100m,Semi-Final 1,W,Stade de France,1903105,ROSIUS Rani,BEL,8,11.29,TIME
Women's 100m,Semi-Final 1,W,Stade de France,1552163,DOSSO Zaynab,ITA,9,11.34,TIME
Women's 100m,Semi-Final 3,W,Stade de France,1890561,CLAYTON Tia,JAM,1,10.89,TIME
Women's 100m,Semi-Final 3,W,Stade de France,1924460,NEITA Daryll,GBR,2,10.97,TIME
Women's 100m,Semi-Final 3,W,Stade de France,1965942,TERRY Twanisha,USA,3,11.07,TIME
Women's 100m,Semi-Final 3,W,Stade de France,1920164,LUECKENKEMPER Gina,GER,4,11.09,TIME
Women's 100m,Semi-Final 3,W,Stade de France,1974169,LEDUC Audrey,CAN,5,11.1,TIME
Women's 100m,Semi-Final 3,W,Stade de France,1926709,HOBBS Zoe,NZL,6,11.13,TIME
Women's 100m,Semi-Final 3,W,Stade de France,1895585,NKANSA Delphine,BEL,7,11.28,TIME
Women's 100m,Semi-Final 3,W,Stade de France,1892130,MANASOVA Karolina,CZE,8,11.35,TIME
Women's 100m,Semi-Final 3,W,Stade de France,1908830,BERTRAND Leah,TTO,9,11.37,TIME
Women's 100m,Final,W,Stade de France,1537325,ALFRED Julien,LCA,1,10.72,TIME
Women's 100m,Final,W,Stade de France,1960181,RICHARDSON Sha'carri,USA,2,10.87,TIME
Women's 100m,Final,W,Stade de France,1961011,JEFFERSON Melissa,USA,3,10.92,TIME
Women's 100m,Final,W,Stade de France,1924460,NEITA Daryll,GBR,4,10.96,TIME
Women's 100m,Final,W,Stade de France,1965942,TERRY Twanisha,USA,5,10.97,TIME
Women's 100m,Final,W,Stade de France,1977673,KAMBUNDJI Mujinga,SUI,6,10.99,TIME
Women's 100m,Final,W,Stade de France,1890561,CLAYTON Tia,JAM,7,11.04,TIME
Women's 100m,Final,W,Stade de France,1951507,TA LOU-SMITH Marie-Josee,CIV,8,13.84,TIME
Women's 100m Hurdles,Round 1 - Heat 2,W,Stade de France,1537183,CAMACHO-QUINN Jasmine,PUR,1,12.42,TIME
Women's 100m Hurdles,Round 1 - Heat 2,W,Stade de France,1956857,SEMBER Cindy,GBR,2,12.72,TIME
Women's 100m Hurdles,Round 1 - Heat 2,W,Stade de France,1573171,SKRZYSZOWSKA Pia,POL,3,12.82,TIME
Women's 100m Hurdles,Round 1 - Heat 2,W,Stade de France,3546509,CARTWRIGHT Denisha,BAH,4,12.89,TIME
Women's 100m Hurdles,Round 1 - Heat 2,W,Stade de France,1921781,TANAKA Yumi,JPN,5,12.9,TIME
Women's 100m Hurdles,Round 1 - Heat 2,W,Stade de France,1897833,MORRISON Ebony,LBR,6,12.93,TIME
Women's 100m Hurdles,Round 1 - Heat 2,W,Stade de France,1939746,MUCCI Celeste,AUS,7,13.05,TIME
Women's 100m Hurdles,Round 1 - Heat 2,W,Stade de France,4849478,CHATFIELD Emelia,HAI,8,13.06,TIME
Women's 100m Hurdles,Round 1 - Heat 4,W,Stade de France,1553912,WILLIAMS Danielle,JAM,1,12.59,TIME
Women's 100m Hurdles,Round 1 - Heat 4,W,Stade de France,1948314,LAVIN Sarah,IRL,2,12.73,TIME
Women's 100m Hurdles,Round 1 - Heat 4,W,Stade de France,1977672,KAMBUNDJI Ditaji,SUI,3,12.81,TIME
Women's 100m Hurdles,Round 1 - Heat 4,W,Stade de France,1981088,FOURIE Marione,RSA,4,12.91,TIME
Women's 100m Hurdles,Round 1 - Heat 4,W,Stade de France,1910629,BAPTE Laeticia,FRA,5,13.04,TIME
Women's 100m Hurdles,Round 1 - Heat 4,W,Stade de France,1920622,KOZAK Luca,HUN,6,13.11,TIME
Women's 100m Hurdles,Round 1 - Heat 4,W,Stade de France,1564574,YARRAJI Jyothi,IND,7,13.16,TIME
Women's 100m Hurdles,Round 1 - Heat 5,W,Stade de France,1890736,NUGENT Ackera,JAM,1,12.65,TIME
Women's 100m Hurdles,Round 1 - Heat 5,W,Stade de France,1908181,CHARLTON Devynne,BAH,2,12.71,TIME
Women's 100m Hurdles,Round 1 - Heat 5,W,Stade de France,4979566,STARK Grace,USA,3,12.72,TIME
Women's 100m Hurdles,Round 1 - Heat 5,W,Stade de France,1939819,CLAY Liz,AUS,4,12.94,TIME
Women's 100m Hurdles,Round 1 - Heat 5,W,Stade de France,1904298,HARALA Lotta,FIN,5,12.97,TIME
Women's 100m Hurdles,Round 1 - Heat 5,W,Stade de France,1568814,FORSTER Viktoria,SVK,6,13.08,TIME
Women's 100m Hurdles,Round 1 - Heat 5,W,Stade de France,1919051,LIN Yuwei,CHN,7,13.24,TIME
Women's 100m Hurdles,Round 1 - Heat 5,W,Stade de France,1974133,HARRISON Michelle,CAN,8,13.4,TIME
Women's 100m Hurdles,Repechage - Heat 1,W,Stade de France,1981088,FOURIE Marione,RSA,1,12.79,TIME
Women's 100m Hurdles,Repechage - Heat 1,W,Stade de France,1972268,TJIN-A-LIM Maayke,NED,2,12.87,TIME
Women's 100m Hurdles,Repechage - Heat 1,W,Stade de France,1568814,FORSTER Viktoria,SVK,3,12.88,TIME
Women's 100m Hurdles,Repechage - Heat 1,W,Stade de France,1564574,YARRAJI Jyothi,IND,4,13.17,TIME
Women's 100m Hurdles,Repechage - Heat 1,W,Stade de France,1920454,KEREKES Greta,HUN,5,13.2,TIME
Women's 100m Hurdles,Repechage - Heat 1,W,Stade de France,4849478,CHATFIELD Emelia,HAI,6,13.24,TIME
Women's 100m Hurdles,Repechage - Heat 1,W,Stade de France,1939827,JENNEKE Michelle,AUS,7,13.86,TIME
Women's 100m Hurdles,Repechage - Heat 2,W,Stade de France,1897833,MORRISON Ebony,LBR,1,12.82,TIME
Women's 100m Hurdles,Repechage - Heat 2,W,Stade de France,4646304,CAICEDO Maribel Vanessa,ECU,2,12.83,TIME
Women's 100m Hurdles,Repechage - Heat 2,W,Stade de France,1904304,HURSKE Reetta,FIN,3,12.83,TIME
Women's 100m Hurdles,Repechage - Heat 2,W,Stade de France,1910629,BAPTE Laeticia,FRA,4,12.92,TIME
Women's 100m Hurdles,Repechage - Heat 2,W,Stade de France,1939746,MUCCI Celeste,AUS,5,13,TIME
Women's 100m Hurdles,Repechage - Heat 2,W,Stade de France,1919051,LIN Yuwei,CHN,6,13.13,TIME
Women's 100m Hurdles,Repechage - Heat 2,W,Stade de France,1974133,HARRISON Michelle,CAN,7,13.3,TIME
Women's 100m Hurdles,Repechage - Heat 3,W,Stade de France,1904298,HARALA Lotta,FIN,1,12.86,TIME
Women's 100m Hurdles,Repechage - Heat 3,W,Stade de France,1921781,TANAKA Yumi,JPN,2,12.89,TIME
Women's 100m Hurdles,Repechage - Heat 3,W,Stade de France,1920622,KOZAK Luca,HUN,3,12.96,TIME
Women's 100m Hurdles,Repechage - Heat 3,W,Stade de France,1919053,WU Yanni,CHN,4,12.98,TIME
Women's 100m Hurdles,Repechage - Heat 3,W,Stade de France,1939819,CLAY Liz,AUS,5,12.99,TIME
Women's 100m Hurdles,Repechage - Heat 3,W,Stade de France,1942194,FIADANANTSOA Sidonie,MAD,6,13.12,TIME
Women's 100m Hurdles,Repechage - Heat 3,W,Stade de France,3546509,CARTWRIGHT Denisha,BAH,7,13.45,TIME
Women's 100m Hurdles,Round 1 - Heat 3,W,Stade de France,1960169,RUSSELL Masai,USA,1,12.53,TIME
Women's 100m Hurdles,Round 1 - Heat 3,W,Stade de France,1972275,VISSER Nadine,NED,1,12.53,TIME
Women's 100m Hurdles,Round 1 - Heat 3,W,Stade de France,1911932,SAMBA-MAYELA Cyrena,FRA,3,12.56,TIME
Women's 100m Hurdles,Round 1 - Heat 3,W,Stade de France,1908232,TAYLOR Charisma,BAH,4,12.78,TIME
Women's 100m Hurdles,Round 1 - Heat 3,W,Stade de France,1974033,ABDUL-RASHID Mariam,CAN,5,12.8,TIME
Women's 100m Hurdles,Round 1 - Heat 3,W,Stade de France,1904304,HURSKE Reetta,FIN,6,12.96,TIME
Women's 100m Hurdles,Round 1 - Heat 3,W,Stade de France,1920454,KEREKES Greta,HUN,7,13.5,TIME
Women's 100m Hurdles,Round 1 - Heat 3,W,Stade de France,1939827,JENNEKE Michelle,AUS,8,20.85,TIME
Women's 100m Hurdles,Round 1 - Heat 1,W,Stade de France,1926196,AMUSAN Tobi,NGR,1,12.49,TIME
Women's 100m Hurdles,Round 1 - Heat 1,W,Stade de France,1960913,JOHNSON Alaysha,USA,2,12.61,TIME
Women's 100m Hurdles,Round 1 - Heat 1,W,Stade de France,1538830,BROWN Janeek,JAM,3,12.84,TIME
Women's 100m Hurdles,Round 1 - Heat 1,W,Stade de France,1919815,FUKUBE Mako,JPN,4,12.85,TIME
Women's 100m Hurdles,Round 1 - Heat 1,W,Stade de France,1942194,FIADANANTSOA Sidonie,MAD,5,12.92,TIME
Women's 100m Hurdles,Round 1 - Heat 1,W,Stade de France,1919053,WU Yanni,CHN,6,12.97,TIME
Women's 100m Hurdles,Round 1 - Heat 1,W,Stade de France,1972268,TJIN-A-LIM Maayke,NED,7,12.98,TIME
Women's 100m Hurdles,Round 1 - Heat 1,W,Stade de France,4646304,CAICEDO Maribel Vanessa,ECU,8,13.05,TIME
Women's 100m Hurdles,Semi-Final 2,W,Stade de France,1960913,JOHNSON Alaysha,USA,1,12.34,TIME
Women's 100m Hurdles,Semi-Final 2,W,Stade de France,1972275,VISSER Nadine,NED,2,12.43,TIME
Women's 100m Hurdles,Semi-Final 2,W,Stade de France,1908232,TAYLOR Charisma,BAH,3,12.63,TIME
Women's 100m Hurdles,Semi-Final 2,W,Stade de France,4646304,CAICEDO Maribel Vanessa,ECU,4,12.67,TIME
Women's 100m Hurdles,Semi-Final 2,W,Stade de France,1977672,KAMBUNDJI Ditaji,SUI,5,12.68,TIME
Women's 100m Hurdles,Semi-Final 2,W,Stade de France,1948314,LAVIN Sarah,IRL,6,12.69,TIME
Women's 100m Hurdles,Semi-Final 2,W,Stade de France,1538830,BROWN Janeek,JAM,7,12.92,TIME
Women's 100m Hurdles,Semi-Final 2,W,Stade de France,1904298,HARALA Lotta,FIN,8,13.05,TIME
Women's 100m Hurdles,Semi-Final 1,W,Stade de France,4979566,STARK Grace,USA,1,12.39,TIME
Women's 100m Hurdles,Semi-Final 1,W,Stade de France,1908181,CHARLTON Devynne,BAH,2,12.5,TIME
Women's 100m Hurdles,Semi-Final 1,W,Stade de France,1926196,AMUSAN Tobi,NGR,3,12.55,TIME
Women's 100m Hurdles,Semi-Final 1,W,Stade de France,1573171,SKRZYSZOWSKA Pia,POL,3,12.55,TIME
Women's 100m Hurdles,Semi-Final 1,W,Stade de France,1974033,ABDUL-RASHID Mariam,CAN,5,12.6,TIME
Women's 100m Hurdles,Semi-Final 1,W,Stade de France,1553912,WILLIAMS Danielle,JAM,6,12.82,TIME
Women's 100m Hurdles,Semi-Final 1,W,Stade de France,1921781,TANAKA Yumi,JPN,7,12.91,TIME
Women's 100m Hurdles,Semi-Final 3,W,Stade de France,1537183,CAMACHO-QUINN Jasmine,PUR,1,12.35,TIME
Women's 100m Hurdles,Semi-Final 3,W,Stade de France,1960169,RUSSELL Masai,USA,2,12.42,TIME
Women's 100m Hurdles,Semi-Final 3,W,Stade de France,1890736,NUGENT Ackera,JAM,3,12.44,TIME
Women's 100m Hurdles,Semi-Final 3,W,Stade de France,1911932,SAMBA-MAYELA Cyrena,FRA,4,12.52,TIME
Women's 100m Hurdles,Semi-Final 3,W,Stade de France,1919815,FUKUBE Mako,JPN,5,12.89,TIME
Women's 100m Hurdles,Semi-Final 3,W,Stade de France,1981088,FOURIE Marione,RSA,6,13.01,TIME
Women's 100m Hurdles,Semi-Final 3,W,Stade de France,1972268,TJIN-A-LIM Maayke,NED,7,13.03,TIME
Women's 100m Hurdles,Final,W,Stade de France,1960169,RUSSELL Masai,USA,1,12.33,TIME
Women's 100m Hurdles,Final,W,Stade de France,1911932,SAMBA-MAYELA Cyrena,FRA,2,12.34,TIME
Women's 100m Hurdles,Final,W,Stade de France,1537183,CAMACHO-QUINN Jasmine,PUR,3,12.36,TIME
Women's 100m Hurdles,Final,W,Stade de France,1972275,VISSER Nadine,NED,4,12.43,TIME
Women's 100m Hurdles,Final,W,Stade de France,4979566,STARK Grace,USA,5,12.43,TIME
Women's 100m Hurdles,Final,W,Stade de France,1908181,CHARLTON Devynne,BAH,6,12.56,TIME
Women's 100m Hurdles,Final,W,Stade de France,1960913,JOHNSON Alaysha,USA,7,12.93,TIME
Women's 200m,Round 1 - Heat 6,W,Stade de France,1969547,OFILI Favour,NGR,1,22.24,TIME
Women's 200m,Round 1 - Heat 6,W,Stade de France,1924384,ASHER-SMITH Dina,GBR,2,22.28,TIME
Women's 200m,Round 1 - Heat 6,W,Stade de France,1533136,BASS BITTAYE Gina Mariam,GAM,3,22.84,TIME
Women's 200m,Round 1 - Heat 6,W,Stade de France,1538505,KONE Maboundou,CIV,4,22.87,TIME
Women's 200m,Round 1 - Heat 6,W,Stade de France,1924268,HODGE Adaejah,IVB,5,23,TIME
Women's 200m,Round 1 - Heat 6,W,Stade de France,1895346,KARSTOFT Ida,DEN,6,23.01,TIME
Women's 200m,Round 1 - Heat 6,W,Stade de France,1918980,LI Yuting,CHN,7,23.31,TIME
Women's 200m,Round 1 - Heat 6,W,Stade de France,1951888,AZEVEDO Ana Carolina,BRA,8,23.37,TIME
Women's 200m,Round 1 - Heat 5,W,Stade de France,1960588,BROWN Brittany,USA,1,22.38,TIME
Women's 200m,Round 1 - Heat 5,W,Stade de France,1935592,THOMAS Lanae-Tava,JAM,2,22.7,TIME
Women's 200m,Round 1 - Heat 5,W,Stade de France,1924507,WILLIAMS Bianca,GBR,3,22.77,TIME
Women's 200m,Round 1 - Heat 5,W,Stade de France,1961213,EMMANOUILIDOU Polyniki,GRE,4,23.06,TIME
Women's 200m,Round 1 - Heat 5,W,Stade de France,1561820,FOTOPOULOU Olivia,CYP,5,23.07,TIME
Women's 200m,Round 1 - Heat 5,W,Stade de France,1928494,TAKACS Boglarka,HUN,6,23.16,TIME
Women's 200m,Round 1 - Heat 5,W,Stade de France,1915358,VERVAET Imke,BEL,7,23.2,TIME
Women's 200m,Round 1 - Heat 5,W,Stade de France,1535858,PEREIRA Veronica Shanti,SGP,8,23.21,TIME
Women's 200m,Round 1 - Heat 4,W,Stade de France,1965279,LONG McKenzie,USA,1,22.55,TIME
Women's 200m,Round 1 - Heat 4,W,Stade de France,1540717,GBAI Jessika,CIV,2,22.61,TIME
Women's 200m,Round 1 - Heat 4,W,Stade de France,1974169,LEDUC Audrey,CAN,3,22.88,TIME
Women's 200m,Round 1 - Heat 4,W,Stade de France,1904064,BESTUE Jael,ESP,4,23.17,TIME
Women's 200m,Round 1 - Heat 4,W,Stade de France,1573178,TSIMANOUSKAYA Krystsina,POL,5,23.3,TIME
Women's 200m,Round 1 - Heat 4,W,Stade de France,1939826,GROSS Mia,AUS,6,23.36,TIME
Women's 200m,Round 1 - Heat 4,W,Stade de France,1930371,NAZARENO Aimara,ECU,7,23.52,TIME
Women's 200m,Round 1 - Heat 4,W,Stade de France,1952035,MARTINS Lorraine,BRA,8,23.68,TIME
Women's 200m,Round 1 - Heat 3,W,Stade de France,1924460,NEITA Daryll,GBR,1,22.39,TIME
Women's 200m,Round 1 - Heat 3,W,Stade de France,1972113,JIYA Tasa,NED,2,22.74,TIME
Women's 200m,Round 1 - Heat 3,W,Stade de France,1911884,PARISOT Helene,FRA,3,22.99,TIME
Women's 200m,Round 1 - Heat 3,W,Stade de France,1930367,CAICEDO Nicole,ECU,4,23.18,TIME
Women's 200m,Round 1 - Heat 3,W,Stade de France,1569318,LINDAHL Nora,SWE,5,23.33,TIME
Women's 200m,Round 1 - Heat 3,W,Stade de France,1573124,KOTWILA Martyna,POL,6,23.43,TIME
Women's 200m,Round 1 - Heat 3,W,Stade de France,1552158,BONGIORNI Anna,ITA,7,23.49,TIME
Women's 200m,Round 1 - Heat 2,W,Stade de France,1965868,THOMAS Gabrielle,USA,1,22.2,TIME
Women's 200m,Round 1 - Heat 2,W,Stade de France,1934362,BURGHER Niesha,JAM,2,22.54,TIME
Women's 200m,Round 1 - Heat 2,W,Stade de France,1977673,KAMBUNDJI Mujinga,SUI,3,22.75,TIME
Women's 200m,Round 1 - Heat 2,W,Stade de France,1974192,MADOGO Jacqueline,CAN,4,22.78,TIME
Women's 200m,Round 1 - Heat 2,W,Stade de France,1933998,SUAREZ Gabriela Anahi,ECU,5,23.33,TIME
Women's 200m,Round 1 - Heat 2,W,Stade de France,1552168,KADDARI Dalia,ITA,6,23.49,TIME
Women's 200m,Round 1 - Heat 2,W,Stade de France,1536495,TAMAYO-GARZA Cecilia,MEX,7,23.65,TIME
Women's 200m,Round 1 - Heat 1,W,Stade de France,1537325,ALFRED Julien,LCA,1,22.41,TIME
Women's 200m,Round 1 - Heat 1,W,Stade de France,1910785,JOSEPH Gemima,FRA,2,22.72,TIME
Women's 200m,Round 1 - Heat 1,W,Stade de France,1569266,HENRIKSSON Julia,SWE,3,22.79,TIME
Women's 200m,Round 1 - Heat 1,W,Stade de France,1939870,LEWIS Torrie,AUS,4,22.89,TIME
Women's 200m,Round 1 - Heat 1,W,Stade de France,1938773,BAZOLO Lorene Dorcas,POR,5,23.1,TIME
Women's 200m,Round 1 - Heat 1,W,Stade de France,1977781,POINTET Leonie,SUI,6,23.42,TIME
Women's 200m,Round 1 - Heat 1,W,Stade de France,1933508,SAFRONOVA Olga,KAZ,7,23.58,TIME
Women's 200m,Repechage - Heat 2,W,Stade de France,1538505,KONE Maboundou,CIV,1,22.89,TIME
Women's 200m,Repechage - Heat 2,W,Stade de France,1928494,TAKACS Boglarka,HUN,2,23.05,TIME
Women's 200m,Repechage - Heat 2,W,Stade de France,1918980,LI Yuting,CHN,3,23.24,TIME
Women's 200m,Repechage - Heat 2,W,Stade de France,1573124,KOTWILA Martyna,POL,4,23.5,TIME
Women's 200m,Repechage - Heat 2,W,Stade de France,1933998,SUAREZ Gabriela Anahi,ECU,5,23.54,TIME
Women's 200m,Repechage - Heat 2,W,Stade de France,1952035,MARTINS Lorraine,BRA,6,23.82,TIME
Women's 200m,Repechage - Heat 3,W,Stade de France,1561820,FOTOPOULOU Olivia,CYP,1,22.92,TIME
Women's 200m,Repechage - Heat 3,W,Stade de France,1573178,TSIMANOUSKAYA Krystsina,POL,2,23.01,TIME
Women's 200m,Repechage - Heat 3,W,Stade de France,1930367,CAICEDO Nicole,ECU,3,23.04,TIME
Women's 200m,Repechage - Heat 3,W,Stade de France,1939826,GROSS Mia,AUS,4,23.34,TIME
Women's 200m,Repechage - Heat 3,W,Stade de France,1536495,TAMAYO-GARZA Cecilia,MEX,5,23.49,TIME
Women's 200m,Repechage - Heat 1,W,Stade de France,1974192,MADOGO Jacqueline,CAN,1,22.58,TIME
Women's 200m,Repechage - Heat 1,W,Stade de France,1924268,HODGE Adaejah,IVB,2,22.94,TIME
Women's 200m,Repechage - Heat 1,W,Stade de France,1961213,EMMANOUILIDOU Polyniki,GRE,3,22.99,TIME
Women's 200m,Repechage - Heat 1,W,Stade de France,1938773,BAZOLO Lorene Dorcas,POR,4,23.08,TIME
Women's 200m,Repechage - Heat 1,W,Stade de France,1930371,NAZARENO Aimara,ECU,5,23.35,TIME
Women's 200m,Repechage - Heat 1,W,Stade de France,1951888,AZEVEDO Ana Carolina,BRA,6,23.44,TIME
Women's 200m,Repechage - Heat 1,W,Stade de France,1535858,PEREIRA Veronica Shanti,SGP,7,23.45,TIME
Women's 200m,Repechage - Heat 4,W,Stade de France,1939870,LEWIS Torrie,AUS,1,23.08,TIME
Women's 200m,Repechage - Heat 4,W,Stade de France,1904064,BESTUE Jael,ESP,2,23.22,TIME
Women's 200m,Repechage - Heat 4,W,Stade de France,1915358,VERVAET Imke,BEL,3,23.33,TIME
Women's 200m,Repechage - Heat 4,W,Stade de France,1977781,POINTET Leonie,SUI,4,23.37,TIME
Women's 200m,Repechage - Heat 4,W,Stade de France,1569318,LINDAHL Nora,SWE,5,23.51,TIME
Women's 200m,Repechage - Heat 4,W,Stade de France,1933508,SAFRONOVA Olga,KAZ,6,23.7,TIME
Women's 200m,Semi-Final 2,W,Stade de France,1965868,THOMAS Gabrielle,USA,1,21.86,TIME
Women's 200m,Semi-Final 2,W,Stade de France,1924384,ASHER-SMITH Dina,GBR,2,22.31,TIME
Women's 200m,Semi-Final 2,W,Stade de France,1911884,PARISOT Helene,FRA,3,22.55,TIME
Women's 200m,Semi-Final 2,W,Stade de France,1977673,KAMBUNDJI Mujinga,SUI,4,22.63,TIME
Women's 200m,Semi-Final 2,W,Stade de France,1934362,BURGHER Niesha,JAM,5,22.64,TIME
Women's 200m,Semi-Final 2,W,Stade de France,1972113,JIYA Tasa,NED,6,22.81,TIME
Women's 200m,Semi-Final 2,W,Stade de France,1974192,MADOGO Jacqueline,CAN,7,22.81,TIME
Women's 200m,Semi-Final 2,W,Stade de France,1961213,EMMANOUILIDOU Polyniki,GRE,8,23.18,TIME
Women's 200m,Semi-Final 1,W,Stade de France,1537325,ALFRED Julien,LCA,1,21.98,TIME
Women's 200m,Semi-Final 1,W,Stade de France,1969547,OFILI Favour,NGR,2,22.05,TIME
Women's 200m,Semi-Final 1,W,Stade de France,1965279,LONG McKenzie,USA,3,22.3,TIME
Women's 200m,Semi-Final 1,W,Stade de France,1924507,WILLIAMS Bianca,GBR,4,22.58,TIME
Women's 200m,Semi-Final 1,W,Stade de France,1538505,KONE Maboundou,CIV,5,22.65,TIME
Women's 200m,Semi-Final 1,W,Stade de France,1974169,LEDUC Audrey,CAN,6,22.68,TIME
Women's 200m,Semi-Final 1,W,Stade de France,1910785,JOSEPH Gemima,FRA,7,22.69,TIME
Women's 200m,Semi-Final 1,W,Stade de France,1924268,HODGE Adaejah,IVB,8,22.7,TIME
Women's 200m,Semi-Final 3,W,Stade de France,1960588,BROWN Brittany,USA,1,22.12,TIME
Women's 200m,Semi-Final 3,W,Stade de France,1924460,NEITA Daryll,GBR,2,22.24,TIME
Women's 200m,Semi-Final 3,W,Stade de France,1540717,GBAI Jessika,CIV,3,22.36,TIME
Women's 200m,Semi-Final 3,W,Stade de France,1533136,BASS BITTAYE Gina Mariam,GAM,4,22.66,TIME
Women's 200m,Semi-Final 3,W,Stade de France,1935592,THOMAS Lanae-Tava,JAM,5,22.77,TIME
Women's 200m,Semi-Final 3,W,Stade de France,1569266,HENRIKSSON Julia,SWE,6,22.88,TIME
Women's 200m,Semi-Final 3,W,Stade de France,1939870,LEWIS Torrie,AUS,7,22.92,TIME
Women's 200m,Semi-Final 3,W,Stade de France,1561820,FOTOPOULOU Olivia,CYP,8,22.98,TIME
Women's 200m,Final,W,Stade de France,1965868,THOMAS Gabrielle,USA,1,21.83,TIME
Women's 200m,Final,W,Stade de France,1537325,ALFRED Julien,LCA,2,22.08,TIME
Women's 200m,Final,W,Stade de France,1960588,BROWN Brittany,USA,3,22.2,TIME
Women's 200m,Final,W,Stade de France,1924384,ASHER-SMITH Dina,GBR,4,22.22,TIME
Women's 200m,Final,W,Stade de France,1924460,NEITA Daryll,GBR,5,22.23,TIME
Women's 200m,Final,W,Stade de France,1969547,OFILI Favour,NGR,6,22.24,TIME
Women's 200m,Final,W,Stade de France,1965279,LONG McKenzie,USA,7,22.42,TIME
Women's 200m,Final,W,Stade de France,1540717,GBAI Jessika,CIV,8,22.7,TIME
Women's 4 x 100m Relay,Round 1 - Heat 1,W,Stade de France,ATHW4X100M--USA01,United States of America,USA,1,41.94,TIME
Women's 4 x 100m Relay,Round 1 - Heat 1,W,Stade de France,ATHW4X100M--GER01,Germany,GER,2,42.15,TIME
Women's 4 x 100m Relay,Round 1 - Heat 1,W,Stade de France,ATHW4X100M--SUI01,Switzerland,SUI,3,42.38,TIME
Women's 4 x 100m Relay,Round 1 - Heat 1,W,Stade de France,ATHW4X100M--AUS01,Australia,AUS,4,42.75,TIME
Women's 4 x 100m Relay,Round 1 - Heat 1,W,Stade de France,ATHW4X100M--POL01,Poland,POL,5,42.86,TIME
Women's 4 x 100m Relay,Round 1 - Heat 1,W,Stade de France,ATHW4X100M--ITA01,Italy,ITA,6,43.03,TIME
Women's 4 x 100m Relay,Round 1 - Heat 2,W,Stade de France,ATHW4X100M--GBR01,Great Britain,GBR,1,42.03,TIME
Women's 4 x 100m Relay,Round 1 - Heat 2,W,Stade de France,ATHW4X100M--FRA01,France,FRA,2,42.13,TIME
Women's 4 x 100m Relay,Round 1 - Heat 2,W,Stade de France,ATHW4X100M--JAM01,Jamaica,JAM,3,42.35,TIME
Women's 4 x 100m Relay,Round 1 - Heat 2,W,Stade de France,ATHW4X100M--CAN01,Canada,CAN,4,42.5,TIME
Women's 4 x 100m Relay,Round 1 - Heat 2,W,Stade de France,ATHW4X100M--NED01,Netherlands,NED,5,42.64,TIME
Women's 4 x 100m Relay,Round 1 - Heat 2,W,Stade de France,ATHW4X100M--NGR01,Nigeria,NGR,6,42.7,TIME
Women's 4 x 100m Relay,Round 1 - Heat 2,W,Stade de France,ATHW4X100M--ESP01,Spain,ESP,7,42.77,TIME
Women's 4 x 100m Relay,Round 1 - Heat 2,W,Stade de France,ATHW4X100M--TTO01,Trinidad and Tobago,TTO,8,43.99,TIME
Women's 4 x 100m Relay,Final,W,Stade de France,ATHW4X100M--USA01,United States of America,USA,1,41.78,TIME
Women's 4 x 100m Relay,Final,W,Stade de France,ATHW4X100M--GBR01,Great Britain,GBR,2,41.85,TIME
Women's 4 x 100m Relay,Final,W,Stade de France,ATHW4X100M--GER01,Germany,GER,3,41.97,TIME
Women's 4 x 100m Relay,Final,W,Stade de France,ATHW4X100M--FRA01,France,FRA,4,42.23,TIME
Women's 4 x 100m Relay,Final,W,Stade de France,ATHW4X100M--JAM01,Jamaica,JAM,5,42.29,TIME
Women's 4 x 100m Relay,Final,W,Stade de France,ATHW4X100M--CAN01,Canada,CAN,6,42.69,TIME
Women's 4 x 100m Relay,Final,W,Stade de France,ATHW4X100M--NED01,Netherlands,NED,7,42.74,TIME
Women's 400m,Round 1 - Heat 1,W,Stade de France,1915338,NASER Salwa Eid,BRN,1,49.91,TIME
Women's 400m,Round 1 - Heat 1,W,Stade de France,1553753,WILLIAMS Stacey Ann,JAM,2,50.16,TIME
Women's 400m,Round 1 - Heat 1,W,Stade de France,1539000,MIKLOS Andrea,ROU,3,50.54,TIME
Women's 400m,Round 1 - Heat 1,W,Stade de France,1537150,SCOTT Gabby,PUR,4,50.74,TIME
Women's 400m,Round 1 - Heat 1,W,Stade de France,1960984,ELLIS Kendall,USA,5,51.16,TIME
Women's 400m,Round 1 - Heat 1,W,Stade de France,1956267,BECKER Sophie,IRL,6,51.84,TIME
Women's 400m,Round 1 - Heat 1,W,Stade de France,1892139,PETRZILKOVA Tereza,CZE,7,51.92,TIME
Women's 400m,Round 1 - Heat 1,W,Stade de France,1922895,MORAUSKAITE Modesta Juste,LTU,8,52,TIME
Women's 400m,Round 1 - Heat 2,W,Stade de France,1890745,PRYCE Nickisha,JAM,1,50.02,TIME
Women's 400m,Round 1 - Heat 2,W,Stade de France,1924464,NIELSEN Laviai,GBR,2,50.36,TIME
Women's 400m,Round 1 - Heat 2,W,Stade de France,1878348,JAEGER Henriette,NOR,3,50.39,TIME
Women's 400m,Round 1 - Heat 2,W,Stade de France,1573012,SWIETY-ERSETIC Justyna,POL,4,50.95,TIME
Women's 400m,Round 1 - Heat 2,W,Stade de France,1939765,BEER Ellie,AUS,5,51.47,TIME
Women's 400m,Round 1 - Heat 2,W,Stade de France,1917559,LICONA TORRES Lina Esther,COL,6,51.85,TIME
Women's 400m,Round 1 - Heat 2,W,Stade de France,1974302,SHERAR Zoe,CAN,7,51.97,TIME
Women's 400m,Round 1 - Heat 5,W,Stade de France,1899666,PAULINO Marileidy,DOM,1,49.42,TIME
Women's 400m,Round 1 - Heat 5,W,Stade de France,4979555,BUTLER Aaliyah,USA,2,50.52,TIME
Women's 400m,Round 1 - Heat 5,W,Stade de France,1563783,GOGL-WALLI Susanne,AUT,3,50.67,TIME
Women's 400m,Round 1 - Heat 5,W,Stade de France,1981295,MAWDSLEY Sharlene,IRL,4,50.71,TIME
Women's 400m,Round 1 - Heat 5,W,Stade de France,1539510,ABRAMS Aliyah,GUY,5,51.55,TIME
Women's 400m,Round 1 - Heat 5,W,Stade de France,1892122,MANUEL Lurdes Gloria,CZE,6,52.2,TIME
Women's 400m,Round 1 - Heat 5,W,Stade de France,1544479,KIRAN Pahal,IND,7,52.51,TIME
Women's 400m,Round 1 - Heat 5,W,Stade de France,1915348,BOLINGO Cynthia,BEL,8,52.77,TIME
Women's 400m,Round 1 - Heat 6,W,Stade de France,1543327,ADELEKE Rhasidat,IRL,1,50.09,TIME
Women's 400m,Round 1 - Heat 6,W,Stade de France,1960909,HOLMES Alexis,USA,2,50.35,TIME
Women's 400m,Round 1 - Heat 6,W,Stade de France,1890259,BROMFIELD Junelle,JAM,3,51.36,TIME
Women's 400m,Round 1 - Heat 6,W,Stade de France,1981039,COETZEE Miranda Charlene,RSA,4,51.58,TIME
Women's 400m,Round 1 - Heat 6,W,Stade de France,1892172,VONDROVA Lada,CZE,5,51.8,TIME
Women's 400m,Round 1 - Heat 6,W,Stade de France,1974120,GALE Lauren,CAN,6,53.13,TIME
Women's 400m,Round 1 - Heat 6,W,Stade de France,1543474,AGUILAR Evelis,COL,7,53.36,TIME
Women's 400m,Round 1 - Heat 3,W,Stade de France,1924383,ANNING Amber,GBR,1,49.68,TIME
Women's 400m,Round 1 - Heat 3,W,Stade de France,1972115,KLAVER Lieke,NED,2,49.96,TIME
Women's 400m,Round 1 - Heat 3,W,Stade de France,1535212,MORAN Paola,MEX,3,51.04,TIME
Women's 400m,Round 1 - Heat 3,W,Stade de France,1933364,WEIL Martina,CHI,4,51.15,TIME
Women's 400m,Round 1 - Heat 3,W,Stade de France,1552170,MANGIONE Alice,ITA,5,51.6,TIME
Women's 400m,Round 1 - Heat 3,W,Stade de France,1928916,ONOJUVWEVWO Ella,NGR,6,51.65,TIME
Women's 400m,Round 1 - Heat 3,W,Stade de France,1952159,MARINHO Tiffani,BRA,7,52.62,TIME
Women's 400m,Round 1 - Heat 3,W,Stade de France,1938735,AZEVEDO Catia,POR,8,52.73,TIME
Women's 400m,Round 1 - Heat 4,W,Stade de France,1573098,KACZMAREK Natalia,POL,1,49.98,TIME
Women's 400m,Round 1 - Heat 4,W,Stade de France,1556388,GOMEZ Roxana,CUB,2,50.38,TIME
Women's 400m,Round 1 - Heat 4,W,Stade de France,1551908,WILLIAMS Sada,BAR,3,50.45,TIME
Women's 400m,Round 1 - Heat 4,W,Stade de France,1924470,OHURUOGU Victoria,GBR,4,50.93,TIME
Women's 400m,Round 1 - Heat 4,W,Stade de France,1948121,VAICULE Gunta,LAT,5,51.13,TIME
Women's 400m,Round 1 - Heat 4,W,Stade de France,1895589,PONETTE Helena,BEL,6,51.75,TIME
Women's 400m,Repechage - Heat 1,W,Stade de France,1928916,ONOJUVWEVWO Ella,NGR,1,50.59,TIME
Women's 400m,Repechage - Heat 1,W,Stade de France,1573012,SWIETY-ERSETIC Justyna,POL,2,50.89,TIME
Women's 400m,Repechage - Heat 1,W,Stade de France,1981295,MAWDSLEY Sharlene,IRL,3,51.18,TIME
Women's 400m,Repechage - Heat 1,W,Stade de France,1892139,PETRZILKOVA Tereza,CZE,4,51.46,TIME
Women's 400m,Repechage - Heat 1,W,Stade de France,1539510,ABRAMS Aliyah,GUY,5,51.84,TIME
Women's 400m,Repechage - Heat 1,W,Stade de France,1544479,KIRAN Pahal,IND,6,52.59,TIME
Women's 400m,Repechage - Heat 3,W,Stade de France,1924470,OHURUOGU Victoria,GBR,1,50.59,TIME
Women's 400m,Repechage - Heat 3,W,Stade de France,1948121,VAICULE Gunta,LAT,2,50.93,TIME
Women's 400m,Repechage - Heat 3,W,Stade de France,1552170,MANGIONE Alice,ITA,3,51.07,TIME
Women's 400m,Repechage - Heat 3,W,Stade de France,1939765,BEER Ellie,AUS,4,51.65,TIME
Women's 400m,Repechage - Heat 3,W,Stade de France,1938735,AZEVEDO Catia,POR,5,52.04,TIME
Women's 400m,Repechage - Heat 3,W,Stade de France,1974120,GALE Lauren,CAN,6,52.68,TIME
Women's 400m,Repechage - Heat 3,W,Stade de France,1543474,AGUILAR Evelis,COL,7,52.86,TIME
Women's 400m,Repechage - Heat 2,W,Stade de France,1537150,SCOTT Gabby,PUR,1,50.52,TIME
Women's 400m,Repechage - Heat 2,W,Stade de France,1981039,COETZEE Miranda Charlene,RSA,2,50.66,TIME
Women's 400m,Repechage - Heat 2,W,Stade de France,1892122,MANUEL Lurdes Gloria,CZE,3,50.81,TIME
Women's 400m,Repechage - Heat 2,W,Stade de France,1922895,MORAUSKAITE Modesta Juste,LTU,4,51.33,TIME
Women's 400m,Repechage - Heat 2,W,Stade de France,1895589,PONETTE Helena,BEL,5,51.46,TIME
Women's 400m,Repechage - Heat 2,W,Stade de France,1933364,WEIL Martina,CHI,6,51.79,TIME
Women's 400m,Repechage - Heat 2,W,Stade de France,1908183,MILLER-UIBO Shaunae,BAH,7,53.5,TIME
Women's 400m,Repechage - Heat 4,W,Stade de France,1960984,ELLIS Kendall,USA,1,50.44,TIME
Women's 400m,Repechage - Heat 4,W,Stade de France,1956267,BECKER Sophie,IRL,2,51.28,TIME
Women's 400m,Repechage - Heat 4,W,Stade de France,1974302,SHERAR Zoe,CAN,3,51.43,TIME
Women's 400m,Repechage - Heat 4,W,Stade de France,1917559,LICONA TORRES Lina Esther,COL,4,51.9,TIME
Women's 400m,Repechage - Heat 4,W,Stade de France,1892172,VONDROVA Lada,CZE,5,52.15,TIME
Women's 400m,Repechage - Heat 4,W,Stade de France,1952159,MARINHO Tiffani,BRA,6,52.32,TIME
Women's 400m,Semi-Final 2,W,Stade de France,1899666,PAULINO Marileidy,DOM,1,49.21,TIME
Women's 400m,Semi-Final 2,W,Stade de France,1960909,HOLMES Alexis,USA,2,50,TIME
Women's 400m,Semi-Final 2,W,Stade de France,1924464,NIELSEN Laviai,GBR,3,50.69,TIME
Women's 400m,Semi-Final 2,W,Stade de France,1890745,PRYCE Nickisha,JAM,4,50.77,TIME
Women's 400m,Semi-Final 2,W,Stade de France,1539000,MIKLOS Andrea,ROU,5,50.78,TIME
Women's 400m,Semi-Final 2,W,Stade de France,1928916,ONOJUVWEVWO Ella,NGR,6,51.05,TIME
Women's 400m,Semi-Final 2,W,Stade de France,1563783,GOGL-WALLI Susanne,AUT,7,51.17,TIME
Women's 400m,Semi-Final 2,W,Stade de France,1892122,MANUEL Lurdes Gloria,CZE,8,51.42,TIME
Women's 400m,Semi-Final 3,W,Stade de France,1573098,KACZMAREK Natalia,POL,1,49.45,TIME
Women's 400m,Semi-Final 3,W,Stade de France,1924383,ANNING Amber,GBR,2,49.47,TIME
Women's 400m,Semi-Final 3,W,Stade de France,1551908,WILLIAMS Sada,BAR,3,49.89,TIME
Women's 400m,Semi-Final 3,W,Stade de France,1960984,ELLIS Kendall,USA,4,50.4,TIME
Women's 400m,Semi-Final 3,W,Stade de France,1556388,GOMEZ Roxana,CUB,5,50.48,TIME
Women's 400m,Semi-Final 3,W,Stade de France,1535212,MORAN Paola,MEX,6,50.73,TIME
Women's 400m,Semi-Final 3,W,Stade de France,1553753,WILLIAMS Stacey Ann,JAM,7,50.79,TIME
Women's 400m,Semi-Final 3,W,Stade de France,1981039,COETZEE Miranda Charlene,RSA,8,51.6,TIME
Women's 400m,Semi-Final 1,W,Stade de France,1915338,NASER Salwa Eid,BRN,1,49.08,TIME
Women's 400m,Semi-Final 1,W,Stade de France,1543327,ADELEKE Rhasidat,IRL,2,49.95,TIME
Women's 400m,Semi-Final 1,W,Stade de France,1878348,JAEGER Henriette,NOR,3,50.17,TIME
Women's 400m,Semi-Final 1,W,Stade de France,1972115,KLAVER Lieke,NED,4,50.44,TIME
Women's 400m,Semi-Final 1,W,Stade de France,1924470,OHURUOGU Victoria,GBR,5,51.14,TIME
Women's 400m,Semi-Final 1,W,Stade de France,4979555,BUTLER Aaliyah,USA,6,51.18,TIME
Women's 400m,Semi-Final 1,W,Stade de France,1537150,SCOTT Gabby,PUR,7,51.22,TIME
Women's 400m,Semi-Final 1,W,Stade de France,1890259,BROMFIELD Junelle,JAM,8,51.93,TIME
Women's 400m,Final,W,Stade de France,1899666,PAULINO Marileidy,DOM,1,48.17,TIME
Women's 400m,Final,W,Stade de France,1915338,NASER Salwa Eid,BRN,2,48.53,TIME
Women's 400m,Final,W,Stade de France,1573098,KACZMAREK Natalia,POL,3,48.98,TIME
Women's 400m,Final,W,Stade de France,1543327,ADELEKE Rhasidat,IRL,4,49.28,TIME
Women's 400m,Final,W,Stade de France,1924383,ANNING Amber,GBR,5,49.29,TIME
Women's 400m,Final,W,Stade de France,1960909,HOLMES Alexis,USA,6,49.77,TIME
Women's 400m,Final,W,Stade de France,1551908,WILLIAMS Sada,BAR,7,49.83,TIME
Women's 400m,Final,W,Stade de France,1878348,JAEGER Henriette,NOR,8,49.96,TIME
Women's 400m Hurdles,Round 1 - Heat 5,W,Stade de France,1965308,McLAUGHLIN-LEVRONE Sydney,USA,1,53.6,TIME
Women's 400m Hurdles,Round 1 - Heat 5,W,Stade de France,1556818,ENNADI Noura,MAR,2,55.26,TIME
Women's 400m Hurdles,Round 1 - Heat 5,W,Stade de France,1911839,MARAVAL Louise,FRA,3,55.32,TIME
Women's 400m Hurdles,Round 1 - Heat 5,W,Stade de France,1976537,GIGER Yasmin,SUI,4,55.44,TIME
Women's 400m Hurdles,Round 1 - Heat 5,W,Stade de France,1552362,MURARO Alice,ITA,5,55.62,TIME
Women's 400m Hurdles,Round 1 - Heat 5,W,Stade de France,1939855,CARLI Sarah,AUS,6,55.92,TIME
Women's 400m Hurdles,Round 1 - Heat 5,W,Stade de France,1878358,KLOSTER Line,NOR,7,57.69,TIME
Women's 400m Hurdles,Round 1 - Heat 5,W,Stade de France,1571587,TKACHUK Viktoriya,UKR,8,58.1,TIME
Women's 400m Hurdles,Round 1 - Heat 3,W,Stade de France,1972078,BOL Femke,NED,1,53.38,TIME
Women's 400m Hurdles,Round 1 - Heat 3,W,Stade de France,1554523,SALMON Shiann,JAM,2,53.95,TIME
Women's 400m Hurdles,Round 1 - Heat 3,W,Stade de France,1981079,GELDENHUYS Zeney,RSA,3,54.73,TIME
Women's 400m Hurdles,Round 1 - Heat 3,W,Stade de France,1571547,RYZHYKOVA Anna,UKR,4,55.13,TIME
Women's 400m Hurdles,Round 1 - Heat 3,W,Stade de France,1924444,KNIGHT Jessie,GBR,5,55.39,TIME
Women's 400m Hurdles,Round 1 - Heat 3,W,Stade de France,1919057,MO Jiadie,CHN,6,55.43,TIME
Women's 400m Hurdles,Round 1 - Heat 3,W,Stade de France,4671773,YUKICH Alanah,AUS,7,55.46,TIME
Women's 400m Hurdles,Round 1 - Heat 3,W,Stade de France,1956019,ANGOUNOU Linda,CMR,8,55.69,TIME
Women's 400m Hurdles,Repechage - Heat 1,W,Stade de France,1552358,FOLORUNSO Ayomide,ITA,1,55.07,TIME
Women's 400m Hurdles,Repechage - Heat 1,W,Stade de France,1915349,van den BROECK Naomi,BEL,2,55.11,TIME
Women's 400m Hurdles,Repechage - Heat 1,W,Stade de France,4671773,YUKICH Alanah,AUS,2,55.11,TIME
Women's 400m Hurdles,Repechage - Heat 1,W,Stade de France,1895881,CLAXTON Grace,PUR,4,55.94,TIME
Women's 400m Hurdles,Repechage - Heat 1,W,Stade de France,1878358,KLOSTER Line,NOR,5,56.73,TIME
Women's 400m Hurdles,Repechage - Heat 1,W,Stade de France,1904337,LEHIKOINEN Viivi,FIN,6,58.04,TIME
Women's 400m Hurdles,Repechage - Heat 1,W,Stade de France,1571587,TKACHUK Viktoriya,UKR,7,59.4,TIME
Women's 400m Hurdles,Repechage - Heat 2,W,Stade de France,1919057,MO Jiadie,CHN,1,54.75,TIME
Women's 400m Hurdles,Repechage - Heat 2,W,Stade de France,1924444,KNIGHT Jessie,GBR,2,55.1,TIME
Women's 400m Hurdles,Repechage - Heat 2,W,Stade de France,1965685,WOODRUFF Gianna,PAN,3,55.1,TIME
Women's 400m Hurdles,Repechage - Heat 2,W,Stade de France,1892114,JICHOVA Nikoleta,CZE,4,55.31,TIME
Women's 400m Hurdles,Repechage - Heat 2,W,Stade de France,1552364,SARTORI Rebecca,ITA,5,55.44,TIME
Women's 400m Hurdles,Repechage - Heat 2,W,Stade de France,1920302,KRAFZIK Carolina,GER,6,56.02,TIME
Women's 400m Hurdles,Repechage - Heat 2,W,Stade de France,1951932,da SILVA Chayenne,BRA,7,56.56,TIME
Women's 400m Hurdles,Repechage - Heat 3,W,Stade de France,1910763,GREBO Shana,FRA,1,54.91,TIME
Women's 400m Hurdles,Repechage - Heat 3,W,Stade de France,1571547,RYZHYKOVA Anna,UKR,2,54.95,TIME
Women's 400m Hurdles,Repechage - Heat 3,W,Stade de France,1956019,ANGOUNOU Linda,CMR,3,55.09,TIME
Women's 400m Hurdles,Repechage - Heat 3,W,Stade de France,1939855,CARLI Sarah,AUS,4,55.12,TIME
Women's 400m Hurdles,Repechage - Heat 3,W,Stade de France,1976537,GIGER Yasmin,SUI,5,55.18,TIME
Women's 400m Hurdles,Repechage - Heat 3,W,Stade de France,1552362,MURARO Alice,ITA,6,55.48,TIME
Women's 400m Hurdles,Repechage - Heat 3,W,Stade de France,1981603,HOFFMAN Lauren,PHI,7,58.28,TIME
Women's 400m Hurdles,Round 1 - Heat 1,W,Stade de France,1538904,CLAYTON Rushell,JAM,1,54.32,TIME
Women's 400m Hurdles,Round 1 - Heat 1,W,Stade de France,1938746,DIALLO Fatoumata Binta,POR,2,54.75,TIME
Women's 400m Hurdles,Round 1 - Heat 1,W,Stade de France,1878347,IUEL Amalie,NOR,3,54.82,TIME
Women's 400m Hurdles,Round 1 - Heat 1,W,Stade de France,1972240,PEETERS Cathelijn,NED,4,54.84,TIME
Women's 400m Hurdles,Round 1 - Heat 1,W,Stade de France,1915349,van den BROECK Naomi,BEL,5,55.51,TIME
Women's 400m Hurdles,Round 1 - Heat 1,W,Stade de France,1552364,SARTORI Rebecca,ITA,6,55.81,TIME
Women's 400m Hurdles,Round 1 - Heat 1,W,Stade de France,1951932,da SILVA Chayenne,BRA,7,56.52,TIME
Women's 400m Hurdles,Round 1 - Heat 2,W,Stade de France,4979556,JONES Jasmine,USA,1,53.6,TIME
Women's 400m Hurdles,Round 1 - Heat 2,W,Stade de France,1981089,JOSEPH Rogail,RSA,2,54.56,TIME
Women's 400m Hurdles,Round 1 - Heat 2,W,Stade de France,1974317,SUTHERLAND Savannah,CAN,3,54.8,TIME
Women's 400m Hurdles,Round 1 - Heat 2,W,Stade de France,1895562,COUCKUYT Paulien,BEL,4,54.9,TIME
Women's 400m Hurdles,Round 1 - Heat 2,W,Stade de France,1965685,WOODRUFF Gianna,PAN,5,54.94,TIME
Women's 400m Hurdles,Round 1 - Heat 2,W,Stade de France,1552358,FOLORUNSO Ayomide,ITA,6,55.03,TIME
Women's 400m Hurdles,Round 1 - Heat 2,W,Stade de France,1910763,GREBO Shana,FRA,7,56.7,TIME
Women's 400m Hurdles,Round 1 - Heat 2,W,Stade de France,1920302,KRAFZIK Carolina,GER,8,58.49,TIME
Women's 400m Hurdles,Round 1 - Heat 4,W,Stade de France,1960581,COCKRELL Anna,USA,1,53.91,TIME
Women's 400m Hurdles,Round 1 - Heat 4,W,Stade de France,1924463,NIELSEN Lina,GBR,2,54.65,TIME
Women's 400m Hurdles,Round 1 - Heat 4,W,Stade de France,1554524,RUSSELL Janieve,JAM,3,54.67,TIME
Women's 400m Hurdles,Round 1 - Heat 4,W,Stade de France,1895561,CLAES Hanne,BEL,4,54.8,TIME
Women's 400m Hurdles,Round 1 - Heat 4,W,Stade de France,1892114,JICHOVA Nikoleta,CZE,5,55.45,TIME
Women's 400m Hurdles,Round 1 - Heat 4,W,Stade de France,1895881,CLAXTON Grace,PUR,6,56.29,TIME
Women's 400m Hurdles,Round 1 - Heat 4,W,Stade de France,1904337,LEHIKOINEN Viivi,FIN,7,56.67,TIME
Women's 400m Hurdles,Round 1 - Heat 4,W,Stade de France,1981603,HOFFMAN Lauren,PHI,8,57.84,TIME
Women's 400m Hurdles,Semi-Final 1,W,Stade de France,1538904,CLAYTON Rushell,JAM,1,53,TIME
Women's 400m Hurdles,Semi-Final 1,W,Stade de France,4979556,JONES Jasmine,USA,2,53.83,TIME
Women's 400m Hurdles,Semi-Final 1,W,Stade de France,1981079,GELDENHUYS Zeney,RSA,3,53.9,TIME
Women's 400m Hurdles,Semi-Final 1,W,Stade de France,1910763,GREBO Shana,FRA,4,54.84,TIME
Women's 400m Hurdles,Semi-Final 1,W,Stade de France,1878347,IUEL Amalie,NOR,5,54.88,TIME
Women's 400m Hurdles,Semi-Final 1,W,Stade de France,1915349,van den BROECK Naomi,BEL,6,54.94,TIME
Women's 400m Hurdles,Semi-Final 1,W,Stade de France,1972240,PEETERS Cathelijn,NED,7,55.2,TIME
Women's 400m Hurdles,Semi-Final 2,W,Stade de France,1965308,McLAUGHLIN-LEVRONE Sydney,USA,1,52.13,TIME
Women's 400m Hurdles,Semi-Final 2,W,Stade de France,1911839,MARAVAL Louise,FRA,2,53.83,TIME
Women's 400m Hurdles,Semi-Final 2,W,Stade de France,1981089,JOSEPH Rogail,RSA,3,54.12,TIME
Women's 400m Hurdles,Semi-Final 2,W,Stade de France,1554524,RUSSELL Janieve,JAM,4,54.65,TIME
Women's 400m Hurdles,Semi-Final 2,W,Stade de France,1552358,FOLORUNSO Ayomide,ITA,5,54.92,TIME
Women's 400m Hurdles,Semi-Final 2,W,Stade de France,1938746,DIALLO Fatoumata Binta,POR,6,54.93,TIME
Women's 400m Hurdles,Semi-Final 2,W,Stade de France,1571547,RYZHYKOVA Anna,UKR,7,55.65,TIME
Women's 400m Hurdles,Semi-Final 2,W,Stade de France,1895561,CLAES Hanne,BEL,8,55.96,TIME
Women's 400m Hurdles,Semi-Final 3,W,Stade de France,1972078,BOL Femke,NED,1,52.57,TIME
Women's 400m Hurdles,Semi-Final 3,W,Stade de France,1960581,COCKRELL Anna,USA,2,52.9,TIME
Women's 400m Hurdles,Semi-Final 3,W,Stade de France,1554523,SALMON Shiann,JAM,3,53.13,TIME
Women's 400m Hurdles,Semi-Final 3,W,Stade de France,1974317,SUTHERLAND Savannah,CAN,4,53.8,TIME
Women's 400m Hurdles,Semi-Final 3,W,Stade de France,1895562,COUCKUYT Paulien,BEL,5,54.64,TIME
Women's 400m Hurdles,Semi-Final 3,W,Stade de France,1924444,KNIGHT Jessie,GBR,6,54.9,TIME
Women's 400m Hurdles,Semi-Final 3,W,Stade de France,4671773,YUKICH Alanah,AUS,7,55.49,TIME
Women's 400m Hurdles,Semi-Final 3,W,Stade de France,1556818,ENNADI Noura,MAR,8,55.5,TIME
Women's 400m Hurdles,Semi-Final 3,W,Stade de France,1919057,MO Jiadie,CHN,9,55.63,TIME
Women's 400m Hurdles,Final,W,Stade de France,1965308,McLAUGHLIN-LEVRONE Sydney,USA,1,50.37,TIME
Women's 400m Hurdles,Final,W,Stade de France,1960581,COCKRELL Anna,USA,2,51.87,TIME
Women's 400m Hurdles,Final,W,Stade de France,1972078,BOL Femke,NED,3,52.15,TIME
Women's 400m Hurdles,Final,W,Stade de France,4979556,JONES Jasmine,USA,4,52.29,TIME
Women's 400m Hurdles,Final,W,Stade de France,1538904,CLAYTON Rushell,JAM,5,52.68,TIME
Women's 400m Hurdles,Final,W,Stade de France,1554523,SALMON Shiann,JAM,6,53.29,TIME
Women's 400m Hurdles,Final,W,Stade de France,1974317,SUTHERLAND Savannah,CAN,7,53.88,TIME
Women's 400m Hurdles,Final,W,Stade de France,1911839,MARAVAL Louise,FRA,8,54.53,TIME
Women's Discus Throw,Qualification - Group B,W,Stade de France,1922205,ELKASEVIC Sandra,CRO,1,65.63,DISTANCE
Women's Discus Throw,Qualification - Group B,W,Stade de France,1919067,FENG Bin,CHN,2,65.4,DISTANCE
Women's Discus Throw,Qualification - Group B,W,Stade de France,1569340,KAMGA Vanessa,SWE,3,65.14,DISTANCE
Women's Discus Throw,Qualification - Group B,W,Stade de France,1888688,EMILIANOV Alexandra,MDA,4,64.33,DISTANCE
Women's Discus Throw,Qualification - Group B,W,Stade de France,1938752,RODRIGUES Irina,POR,5,62.9,DISTANCE
Women's Discus Throw,Qualification - Group B,W,Stade de France,1920230,VITA Claudine,GER,6,62.7,DISTANCE
Women's Discus Throw,Qualification - Group B,W,Stade de France,1920305,STEINACKER Marike,GER,7,62.63,DISTANCE
Women's Discus Throw,Qualification - Group B,W,Stade de France,1961044,FRALEY Veronica,USA,8,62.54,DISTANCE
Women's Discus Throw,Qualification - Group B,W,Stade de France,1939862,GOLLSHEWSKY Taryn,AUS,9,62.36,DISTANCE
Women's Discus Throw,Qualification - Group B,W,Stade de France,1972090,van DAALEN Alida,NED,10,62.19,DISTANCE
Women's Discus Throw,Qualification - Group B,W,Stade de France,1951995,da SILVA Izabela,BRA,11,61.68,DISTANCE
Women's Discus Throw,Qualification - Group B,W,Stade de France,1965887,ULRICH Jayden,USA,12,61.08,DISTANCE
Women's Discus Throw,Qualification - Group B,W,Stade de France,1556390,MATHEUS Melany del Pilar,CUB,13,61.07,DISTANCE
Women's Discus Throw,Qualification - Group B,W,Stade de France,1573030,ZABAWSKA Daria,POL,14,60.86,DISTANCE
Women's Discus Throw,Qualification - Group B,W,Stade de France,1926205,ONYEKWERE Chioma,NGR,15,60.78,DISTANCE
Women's Discus Throw,Qualification - Group B,W,Stade de France,1926391,AMAECHI Obiageri Pamela,NGR,16,45.45,DISTANCE
Women's Discus Throw,Qualification - Group A,W,Stade de France,1960721,ALLMAN Valarie,USA,1,69.59,DISTANCE
Women's Discus Throw,Qualification - Group A,W,Stade de France,1972117,van KLINKEN Jorinde,NED,2,64.81,DISTANCE
Women's Discus Throw,Qualification - Group A,W,Stade de France,1911921,ROBERT-MICHON Melina,FRA,3,63.77,DISTANCE
Women's Discus Throw,Qualification - Group A,W,Stade de France,1920197,PUDENZ Kristin,GER,4,63.45,DISTANCE
Women's Discus Throw,Qualification - Group A,W,Stade de France,1552389,OSAKUE Daisy,ITA,5,63.11,DISTANCE
Women's Discus Throw,Qualification - Group A,W,Stade de France,1938772,CA Liliana,POR,6,62.43,DISTANCE
Women's Discus Throw,Qualification - Group A,W,Stade de France,1922728,GUMBS Ieva,LTU,7,60.37,DISTANCE
Women's Discus Throw,Qualification - Group A,W,Stade de France,1922220,TOLJ Marija,CRO,8,59.87,DISTANCE
Women's Discus Throw,Qualification - Group A,W,Stade de France,1895325,PEDERSEN Lisa Brix,DEN,9,59.81,DISTANCE
Women's Discus Throw,Qualification - Group A,W,Stade de France,1556391,MORALES Silinda,CUB,10,59.46,DISTANCE
Women's Discus Throw,Qualification - Group A,W,Stade de France,1951902,de MORAIS Andressa,BRA,11,59.43,DISTANCE
Women's Discus Throw,Qualification - Group A,W,Stade de France,1569198,LINDFORS Caisa-Marie,SWE,12,59.29,DISTANCE
Women's Discus Throw,Qualification - Group A,W,Stade de France,1919073,JIANG Zhichao,CHN,13,59.1,DISTANCE
Women's Discus Throw,Qualification - Group A,W,Stade de France,1926394,ANUMBA Ashley,NGR,14,58.83,DISTANCE
Women's Discus Throw,Qualification - Group A,W,Stade de France,1927177,INSAENG Subenrat,THA,15,58.07,DISTANCE
Women's Discus Throw,Qualification - Group A,W,Stade de France,1890607,HALL Samantha,JAM,16,54.94,DISTANCE
Women's Discus Throw,Final,W,Stade de France,1960721,ALLMAN Valarie,USA,1,69.5,DISTANCE
Women's Discus Throw,Final,W,Stade de France,1919067,FENG Bin,CHN,2,67.51,DISTANCE
Women's Discus Throw,Final,W,Stade de France,1922205,ELKASEVIC Sandra,CRO,3,67.51,DISTANCE
Women's Discus Throw,Final,W,Stade de France,1920305,STEINACKER Marike,GER,4,65.37,DISTANCE
Women's Discus Throw,Final,W,Stade de France,1569340,KAMGA Vanessa,SWE,5,65.05,DISTANCE
Women's Discus Throw,Final,W,Stade de France,1920230,VITA Claudine,GER,6,63.62,DISTANCE
Women's Discus Throw,Final,W,Stade de France,1972117,van KLINKEN Jorinde,NED,7,63.35,DISTANCE
Women's Discus Throw,Final,W,Stade de France,1552389,OSAKUE Daisy,ITA,8,63.11,DISTANCE
Women's Discus Throw,Final,W,Stade de France,1938752,RODRIGUES Irina,POR,9,61.19,DISTANCE
Women's Discus Throw,Final,W,Stade de France,1920197,PUDENZ Kristin,GER,10,60.38,DISTANCE
Women's Discus Throw,Final,W,Stade de France,1888688,EMILIANOV Alexandra,MDA,11,58.08,DISTANCE
Women's Discus Throw,Final,W,Stade de France,1911921,ROBERT-MICHON Melina,FRA,12,57.03,DISTANCE
Women's Hammer Throw,Qualification - Group A,W,Stade de France,1974290,ROGERS Camryn,CAN,1,74.69,DISTANCE
Women's Hammer Throw,Qualification - Group A,W,Stade de France,1960899,ECHIKUNWOKE Annette Nneka,USA,2,73.52,DISTANCE
Women's Hammer Throw,Qualification - Group A,W,Stade de France,1946889,SKYDAN Hanna,AZE,3,72.55,DISTANCE
Women's Hammer Throw,Qualification - Group A,W,Stade de France,1919077,ZHAO Jie,CHN,4,72.49,DISTANCE
Women's Hammer Throw,Qualification - Group A,W,Stade de France,1538935,GHELBER Bianca Florentina,ROU,5,71.42,DISTANCE
Women's Hammer Throw,Qualification - Group A,W,Stade de France,1919094,LI Jiangyan,CHN,6,70.54,DISTANCE
Women's Hammer Throw,Qualification - Group A,W,Stade de France,1965233,REESE Erin,USA,7,70.23,DISTANCE
Women's Hammer Throw,Qualification - Group A,W,Stade de France,1939858,RATCLIFFE Stephanie,AUS,8,70.07,DISTANCE
Women's Hammer Throw,Qualification - Group A,W,Stade de France,1569336,LOFMAN Thea,SWE,9,69.12,DISTANCE
Women's Hammer Throw,Qualification - Group A,W,Stade de France,1911825,LOGA Rose,FRA,10,68.94,DISTANCE
Women's Hammer Throw,Qualification - Group A,W,Stade de France,1926692,BRUCE Lauren,NZL,11,68.93,DISTANCE
Women's Hammer Throw,Qualification - Group A,W,Stade de France,1904320,KOSKINEN Suvi,FIN,12,67.9,DISTANCE
Women's Hammer Throw,Qualification - Group A,W,Stade de France,1573123,KOPRON Malwina,POL,13,67.68,DISTANCE
Women's Hammer Throw,Qualification - Group A,W,Stade de France,1963651,TATAR Zahra,ALG,14,66.99,DISTANCE
Women's Hammer Throw,Qualification - Group A,W,Stade de France,1889122,LLANO Beatrice Nedberge,NOR,15,66.92,DISTANCE
Women's Hammer Throw,Qualification - Group B,W,Stade de France,1904372,TERVO Krista,FIN,1,74.79,DISTANCE
Women's Hammer Throw,Qualification - Group B,W,Stade de France,1965220,PRICE Deanna,USA,2,73.79,DISTANCE
Women's Hammer Throw,Qualification - Group B,W,Stade de France,1895329,JACOBSEN Katrine Koch,DEN,3,73.04,DISTANCE
Women's Hammer Throw,Qualification - Group B,W,Stade de France,1552387,FANTINI Sara,ITA,4,72.4,DISTANCE
Women's Hammer Throw,Qualification - Group B,W,Stade de France,1904323,KOSONEN Silja,FIN,5,72.11,DISTANCE
Women's Hammer Throw,Qualification - Group B,W,Stade de France,1907212,RODRIGUEZ Rosa Andreina,VEN,6,71.76,DISTANCE
Women's Hammer Throw,Qualification - Group B,W,Stade de France,1573183,WLODARCZYK Anita,POL,7,71.06,DISTANCE
Women's Hammer Throw,Qualification - Group B,W,Stade de France,1543282,TUTHILL Nicola,IRL,8,69.9,DISTANCE
Women's Hammer Throw,Qualification - Group B,W,Stade de France,1961243,SCARVELIS Stamatia,GRE,9,69.38,DISTANCE
Women's Hammer Throw,Qualification - Group B,W,Stade de France,1887986,MARGHIEVA Zalina,MDA,10,67.84,DISTANCE
Women's Hammer Throw,Qualification - Group B,W,Stade de France,1903111,STERCKENDRIES Vanessa,BEL,11,67.67,DISTANCE
Women's Hammer Throw,Qualification - Group B,W,Stade de France,1571549,KLYMETS Iryna,UKR,12,66.95,DISTANCE
Women's Hammer Throw,Qualification - Group B,W,Stade de France,1919076,WANG Zheng,CHN,13,66.92,DISTANCE
Women's Hammer Throw,Qualification - Group B,W,Stade de France,3551502,OLATOYE Oyesade,NGR,14,66.41,DISTANCE
Women's Hammer Throw,Qualification - Group B,W,Stade de France,1920729,GYURATZ Reka,HUN,15,64.77,DISTANCE
Women's Hammer Throw,Final,W,Stade de France,1974290,ROGERS Camryn,CAN,1,76.97,DISTANCE
Women's Hammer Throw,Final,W,Stade de France,1960899,ECHIKUNWOKE Annette Nneka,USA,2,75.48,DISTANCE
Women's Hammer Throw,Final,W,Stade de France,1919077,ZHAO Jie,CHN,3,74.27,DISTANCE
Women's Hammer Throw,Final,W,Stade de France,1573183,WLODARCZYK Anita,POL,4,74.23,DISTANCE
Women's Hammer Throw,Final,W,Stade de France,1904323,KOSONEN Silja,FIN,5,74.04,DISTANCE
Women's Hammer Throw,Final,W,Stade de France,1904372,TERVO Krista,FIN,6,73.83,DISTANCE
Women's Hammer Throw,Final,W,Stade de France,1946889,SKYDAN Hanna,AZE,7,73.66,DISTANCE
Women's Hammer Throw,Final,W,Stade de France,1907212,RODRIGUEZ Rosa Andreina,VEN,8,72.98,DISTANCE
Women's Hammer Throw,Final,W,Stade de France,1538935,GHELBER Bianca Florentina,ROU,9,72.36,DISTANCE
Women's Hammer Throw,Final,W,Stade de France,1895329,JACOBSEN Katrine Koch,DEN,10,71.65,DISTANCE
Women's Hammer Throw,Final,W,Stade de France,1965220,PRICE Deanna,USA,11,71,DISTANCE
Women's Hammer Throw,Final,W,Stade de France,1552387,FANTINI Sara,ITA,12,69.58,DISTANCE
Women's Heptathlon,100m Hurdles - Heat 1,W,Stade de France,1573011,SULEK-SCHUBERT Adrianna,POL,1,13.32,TIME
Women's Heptathlon,100m Hurdles - Heat 1,W,Stade de France,1977926,JOHNSON-THOMPSON Katarina,GBR,2,13.4,TIME
Women's Heptathlon,100m Hurdles - Heat 1,W,Stade de France,1924467,O'DOWDA Jade,GBR,3,13.53,TIME
Women's Heptathlon,100m Hurdles - Heat 1,W,Stade de France,1972093,DOKTER Sofie,NED,4,13.57,TIME
Women's Heptathlon,100m Hurdles - Heat 1,W,Stade de France,1920626,KRIZSAN Xenia,HUN,5,13.61,TIME
Women's Heptathlon,100m Hurdles - Heat 1,W,Stade de France,3501806,WEST Tori,AUS,6,13.62,TIME
Women's Heptathlon,100m Hurdles - Heat 1,W,Stade de France,1544447,O'CONNOR Kate,IRL,7,14.08,TIME
Women's Heptathlon,100m Hurdles - Heat 2,W,Stade de France,1972236,OOSTERWEGEL Emma,NED,1,13.41,TIME
Women's Heptathlon,100m Hurdles - Heat 2,W,Stade de France,1920207,SCHAEFER Carolin,GER,2,13.42,TIME
Women's Heptathlon,100m Hurdles - Heat 2,W,Stade de France,1939741,NEWTON-SMITH Camryn,AUS,3,13.46,TIME
Women's Heptathlon,100m Hurdles - Heat 2,W,Stade de France,1972274,VETTER Anouk,NED,4,13.49,TIME
Women's Heptathlon,100m Hurdles - Heat 2,W,Stade de France,1903112,THIAM Nafissatou,BEL,5,13.56,TIME
Women's Heptathlon,100m Hurdles - Heat 2,W,Stade de France,1904377,VANNINEN Saga,FIN,6,13.61,TIME
Women's Heptathlon,100m Hurdles - Heat 2,W,Stade de France,1920696,NEMES Rita,HUN,7,13.82,TIME
Women's Heptathlon,100m Hurdles - Heat 3,W,Stade de France,1977671,KAELIN Annik,SUI,1,12.87,TIME
Women's Heptathlon,100m Hurdles - Heat 3,W,Stade de France,1960705,BROOKS Taliyah,USA,2,13,TIME
Women's Heptathlon,100m Hurdles - Heat 3,W,Stade de France,1895596,VIDTS Noor,BEL,3,13.1,TIME
Women's Heptathlon,100m Hurdles - Heat 3,W,Stade de France,1543479,ARAUJO Martha,COL,4,13.15,TIME
Women's Heptathlon,100m Hurdles - Heat 3,W,Stade de France,1960930,HAWKINS Chari,USA,5,13.16,TIME
Women's Heptathlon,100m Hurdles - Heat 3,W,Stade de France,1960907,HALL Anna,USA,6,13.36,TIME
Women's Heptathlon,100m Hurdles - Heat 3,W,Stade de France,1552392,GEREVINI Sveva,ITA,7,13.4,TIME
Women's Heptathlon,100m Hurdles - Heat 3,W,Stade de France,1911807,LAZRAQ-KHLASS Auriana,FRA,8,13.54,TIME
Women's Heptathlon,High Jump - Group A,W,Stade de France,1544447,O'CONNOR Kate,IRL,1,1.77,DISTANCE
Women's Heptathlon,High Jump - Group A,W,Stade de France,1920626,KRIZSAN Xenia,HUN,2,1.77,DISTANCE
Women's Heptathlon,High Jump - Group A,W,Stade de France,1920696,NEMES Rita,HUN,2,1.77,DISTANCE
Women's Heptathlon,High Jump - Group A,W,Stade de France,1977671,KAELIN Annik,SUI,4,1.74,DISTANCE
Women's Heptathlon,High Jump - Group A,W,Stade de France,1972274,VETTER Anouk,NED,5,1.74,DISTANCE
Women's Heptathlon,High Jump - Group A,W,Stade de France,1972236,OOSTERWEGEL Emma,NED,6,1.74,DISTANCE
Women's Heptathlon,High Jump - Group A,W,Stade de France,1920207,SCHAEFER Carolin,GER,7,1.71,DISTANCE
Women's Heptathlon,High Jump - Group A,W,Stade de France,3501806,WEST Tori,AUS,7,1.71,DISTANCE
Women's Heptathlon,High Jump - Group A,W,Stade de France,1543479,ARAUJO Martha,COL,9,1.71,DISTANCE
Women's Heptathlon,High Jump - Group A,W,Stade de France,1911807,LAZRAQ-KHLASS Auriana,FRA,10,1.68,DISTANCE
Women's Heptathlon,High Jump - Group B,W,Stade de France,1903112,THIAM Nafissatou,BEL,1,1.92,DISTANCE
Women's Heptathlon,High Jump - Group B,W,Stade de France,1977926,JOHNSON-THOMPSON Katarina,GBR,2,1.92,DISTANCE
Women's Heptathlon,High Jump - Group B,W,Stade de France,1960907,HALL Anna,USA,3,1.89,DISTANCE
Women's Heptathlon,High Jump - Group B,W,Stade de France,1972093,DOKTER Sofie,NED,4,1.86,DISTANCE
Women's Heptathlon,High Jump - Group B,W,Stade de France,1895596,VIDTS Noor,BEL,5,1.83,DISTANCE
Women's Heptathlon,High Jump - Group B,W,Stade de France,1924467,O'DOWDA Jade,GBR,6,1.8,DISTANCE
Women's Heptathlon,High Jump - Group B,W,Stade de France,1939741,NEWTON-SMITH Camryn,AUS,7,1.8,DISTANCE
Women's Heptathlon,High Jump - Group B,W,Stade de France,1960705,BROOKS Taliyah,USA,8,1.77,DISTANCE
Women's Heptathlon,High Jump - Group B,W,Stade de France,1573011,SULEK-SCHUBERT Adrianna,POL,8,1.77,DISTANCE
Women's Heptathlon,High Jump - Group B,W,Stade de France,1904377,VANNINEN Saga,FIN,10,1.74,DISTANCE
Women's Heptathlon,High Jump - Group B,W,Stade de France,1552392,GEREVINI Sveva,ITA,11,1.74,DISTANCE
Women's Heptathlon,Shot Put - Group A,W,Stade de France,1972236,OOSTERWEGEL Emma,NED,1,14.54,DISTANCE
Women's Heptathlon,Shot Put - Group A,W,Stade de France,1977926,JOHNSON-THOMPSON Katarina,GBR,2,14.44,DISTANCE
Women's Heptathlon,Shot Put - Group A,W,Stade de France,1543479,ARAUJO Martha,COL,3,14.15,DISTANCE
Women's Heptathlon,Shot Put - Group A,W,Stade de France,1972093,DOKTER Sofie,NED,4,13.97,DISTANCE
Women's Heptathlon,Shot Put - Group A,W,Stade de France,1573011,SULEK-SCHUBERT Adrianna,POL,5,13.94,DISTANCE
Women's Heptathlon,Shot Put - Group A,W,Stade de France,1920626,KRIZSAN Xenia,HUN,6,13.89,DISTANCE
Women's Heptathlon,Shot Put - Group A,W,Stade de France,1939741,NEWTON-SMITH Camryn,AUS,7,13.11,DISTANCE
Women's Heptathlon,Shot Put - Group A,W,Stade de France,1924467,O'DOWDA Jade,GBR,8,13.1,DISTANCE
Women's Heptathlon,Shot Put - Group A,W,Stade de France,3501806,WEST Tori,AUS,9,12.81,DISTANCE
Women's Heptathlon,Shot Put - Group A,W,Stade de France,1552392,GEREVINI Sveva,ITA,10,12.8,DISTANCE
Women's Heptathlon,Shot Put - Group B,W,Stade de France,1903112,THIAM Nafissatou,BEL,1,15.54,DISTANCE
Women's Heptathlon,Shot Put - Group B,W,Stade de France,1972274,VETTER Anouk,NED,2,15.07,DISTANCE
Women's Heptathlon,Shot Put - Group B,W,Stade de France,1895596,VIDTS Noor,BEL,3,14.57,DISTANCE
Women's Heptathlon,Shot Put - Group B,W,Stade de France,1904377,VANNINEN Saga,FIN,4,14.19,DISTANCE
Women's Heptathlon,Shot Put - Group B,W,Stade de France,1960907,HALL Anna,USA,5,14.11,DISTANCE
Women's Heptathlon,Shot Put - Group B,W,Stade de France,1920207,SCHAEFER Carolin,GER,6,14.02,DISTANCE
Women's Heptathlon,Shot Put - Group B,W,Stade de France,1977671,KAELIN Annik,SUI,7,14.02,DISTANCE
Women's Heptathlon,Shot Put - Group B,W,Stade de France,1544447,O'CONNOR Kate,IRL,8,13.79,DISTANCE
Women's Heptathlon,Shot Put - Group B,W,Stade de France,1911807,LAZRAQ-KHLASS Auriana,FRA,9,13.69,DISTANCE
Women's Heptathlon,Shot Put - Group B,W,Stade de France,1920696,NEMES Rita,HUN,10,13.64,DISTANCE
Women's Heptathlon,Shot Put - Group B,W,Stade de France,1960930,HAWKINS Chari,USA,11,13.64,DISTANCE
Women's Heptathlon,Shot Put - Group B,W,Stade de France,1960705,BROOKS Taliyah,USA,12,13.58,DISTANCE
Women's Heptathlon,200m - Heat 1,W,Stade de France,1573011,SULEK-SCHUBERT Adrianna,POL,1,24.2,TIME
Women's Heptathlon,200m - Heat 1,W,Stade de France,1903112,THIAM Nafissatou,BEL,2,24.46,TIME
Women's Heptathlon,200m - Heat 1,W,Stade de France,1904377,VANNINEN Saga,FIN,3,24.74,TIME
Women's Heptathlon,200m - Heat 1,W,Stade de France,1544447,O'CONNOR Kate,IRL,4,24.77,TIME
Women's Heptathlon,200m - Heat 1,W,Stade de France,1920626,KRIZSAN Xenia,HUN,5,24.92,TIME
Women's Heptathlon,200m - Heat 1,W,Stade de France,1924467,O'DOWDA Jade,GBR,6,24.97,TIME
Women's Heptathlon,200m - Heat 1,W,Stade de France,1920696,NEMES Rita,HUN,7,25.61,TIME
Women's Heptathlon,200m - Heat 2,W,Stade de France,1552392,GEREVINI Sveva,ITA,1,23.58,TIME
Women's Heptathlon,200m - Heat 2,W,Stade de France,1920207,SCHAEFER Carolin,GER,2,23.85,TIME
Women's Heptathlon,200m - Heat 2,W,Stade de France,1895596,VIDTS Noor,BEL,3,23.86,TIME
Women's Heptathlon,200m - Heat 2,W,Stade de France,1960907,HALL Anna,USA,4,23.89,TIME
Women's Heptathlon,200m - Heat 2,W,Stade de France,1972236,OOSTERWEGEL Emma,NED,5,24.35,TIME
Women's Heptathlon,200m - Heat 2,W,Stade de France,1543479,ARAUJO Martha,COL,6,24.46,TIME
Women's Heptathlon,200m - Heat 2,W,Stade de France,1960930,HAWKINS Chari,USA,7,24.49,TIME
Women's Heptathlon,200m - Heat 2,W,Stade de France,1939741,NEWTON-SMITH Camryn,AUS,8,24.76,TIME
Women's Heptathlon,200m - Heat 3,W,Stade de France,1977926,JOHNSON-THOMPSON Katarina,GBR,1,23.44,TIME
Women's Heptathlon,200m - Heat 3,W,Stade de France,1972093,DOKTER Sofie,NED,2,23.73,TIME
Women's Heptathlon,200m - Heat 3,W,Stade de France,1911807,LAZRAQ-KHLASS Auriana,FRA,3,23.87,TIME
Women's Heptathlon,200m - Heat 3,W,Stade de France,1977671,KAELIN Annik,SUI,4,23.88,TIME
Women's Heptathlon,200m - Heat 3,W,Stade de France,1960705,BROOKS Taliyah,USA,5,24.02,TIME
Women's Heptathlon,200m - Heat 3,W,Stade de France,1972274,VETTER Anouk,NED,6,24.36,TIME
Women's Heptathlon,200m - Heat 3,W,Stade de France,3501806,WEST Tori,AUS,7,24.73,TIME
Women's Heptathlon,Long Jump - Group A,W,Stade de France,1972093,DOKTER Sofie,NED,1,6.26,DISTANCE
Women's Heptathlon,Long Jump - Group A,W,Stade de France,1573011,SULEK-SCHUBERT Adrianna,POL,2,6.22,DISTANCE
Women's Heptathlon,Long Jump - Group A,W,Stade de France,1920626,KRIZSAN Xenia,HUN,3,6.03,DISTANCE
Women's Heptathlon,Long Jump - Group A,W,Stade de France,1960907,HALL Anna,USA,4,5.93,DISTANCE
Women's Heptathlon,Long Jump - Group A,W,Stade de France,1960930,HAWKINS Chari,USA,5,5.9,DISTANCE
Women's Heptathlon,Long Jump - Group A,W,Stade de France,1920696,NEMES Rita,HUN,6,5.88,DISTANCE
Women's Heptathlon,Long Jump - Group A,W,Stade de France,1544447,O'CONNOR Kate,IRL,7,5.79,DISTANCE
Women's Heptathlon,Long Jump - Group A,W,Stade de France,1939741,NEWTON-SMITH Camryn,AUS,8,5.78,DISTANCE
Women's Heptathlon,Long Jump - Group A,W,Stade de France,1972236,OOSTERWEGEL Emma,NED,9,5.68,DISTANCE
Women's Heptathlon,Long Jump - Group A,W,Stade de France,1920207,SCHAEFER Carolin,GER,10,5.52,DISTANCE
Women's Heptathlon,Long Jump - Group A,W,Stade de France,3501806,WEST Tori,AUS,11,5.41,DISTANCE
Women's Heptathlon,Long Jump - Group B,W,Stade de France,1543479,ARAUJO Martha,COL,1,6.61,DISTANCE
Women's Heptathlon,Long Jump - Group B,W,Stade de France,1977671,KAELIN Annik,SUI,2,6.59,DISTANCE
Women's Heptathlon,Long Jump - Group B,W,Stade de France,1903112,THIAM Nafissatou,BEL,3,6.41,DISTANCE
Women's Heptathlon,Long Jump - Group B,W,Stade de France,1895596,VIDTS Noor,BEL,4,6.4,DISTANCE
Women's Heptathlon,Long Jump - Group B,W,Stade de France,1977926,JOHNSON-THOMPSON Katarina,GBR,5,6.4,DISTANCE
Women's Heptathlon,Long Jump - Group B,W,Stade de France,1924467,O'DOWDA Jade,GBR,6,6.33,DISTANCE
Women's Heptathlon,Long Jump - Group B,W,Stade de France,1960705,BROOKS Taliyah,USA,7,6.15,DISTANCE
Women's Heptathlon,Long Jump - Group B,W,Stade de France,1972274,VETTER Anouk,NED,8,6.12,DISTANCE
Women's Heptathlon,Long Jump - Group B,W,Stade de France,1552392,GEREVINI Sveva,ITA,9,6.08,DISTANCE
Women's Heptathlon,Long Jump - Group B,W,Stade de France,1904377,VANNINEN Saga,FIN,10,5.85,DISTANCE
Women's Heptathlon,Long Jump - Group B,W,Stade de France,1911807,LAZRAQ-KHLASS Auriana,FRA,11,5.59,DISTANCE
Women's Heptathlon,Javelin Throw - Group A,W,Stade de France,1920626,KRIZSAN Xenia,HUN,1,49.52,DISTANCE
Women's Heptathlon,Javelin Throw - Group A,W,Stade de France,1904377,VANNINEN Saga,FIN,2,47,DISTANCE
Women's Heptathlon,Javelin Throw - Group A,W,Stade de France,1960907,HALL Anna,USA,3,45.99,DISTANCE
Women's Heptathlon,Javelin Throw - Group A,W,Stade de France,1977926,JOHNSON-THOMPSON Katarina,GBR,4,45.49,DISTANCE
Women's Heptathlon,Javelin Throw - Group A,W,Stade de France,1895596,VIDTS Noor,BEL,5,45,DISTANCE
Women's Heptathlon,Javelin Throw - Group A,W,Stade de France,1939741,NEWTON-SMITH Camryn,AUS,6,44.77,DISTANCE
Women's Heptathlon,Javelin Throw - Group A,W,Stade de France,1924467,O'DOWDA Jade,GBR,7,44.05,DISTANCE
Women's Heptathlon,Javelin Throw - Group A,W,Stade de France,1920696,NEMES Rita,HUN,8,43.64,DISTANCE
Women's Heptathlon,Javelin Throw - Group A,W,Stade de France,1552392,GEREVINI Sveva,ITA,9,39.68,DISTANCE
Women's Heptathlon,Javelin Throw - Group A,W,Stade de France,1960705,BROOKS Taliyah,USA,10,38.76,DISTANCE
Women's Heptathlon,Javelin Throw - Group A,W,Stade de France,1573011,SULEK-SCHUBERT Adrianna,POL,11,36.63,DISTANCE
Women's Heptathlon,Javelin Throw - Group B,W,Stade de France,1903112,THIAM Nafissatou,BEL,1,54.04,DISTANCE
Women's Heptathlon,Javelin Throw - Group B,W,Stade de France,1972236,OOSTERWEGEL Emma,NED,2,52.39,DISTANCE
Women's Heptathlon,Javelin Throw - Group B,W,Stade de France,1544447,O'CONNOR Kate,IRL,3,50.36,DISTANCE
Women's Heptathlon,Javelin Throw - Group B,W,Stade de France,3501806,WEST Tori,AUS,4,48.79,DISTANCE
Women's Heptathlon,Javelin Throw - Group B,W,Stade de France,1977671,KAELIN Annik,SUI,5,48.14,DISTANCE
Women's Heptathlon,Javelin Throw - Group B,W,Stade de France,1920207,SCHAEFER Carolin,GER,6,46.45,DISTANCE
Women's Heptathlon,Javelin Throw - Group B,W,Stade de France,1543479,ARAUJO Martha,COL,7,45.67,DISTANCE
Women's Heptathlon,Javelin Throw - Group B,W,Stade de France,1911807,LAZRAQ-KHLASS Auriana,FRA,8,45.37,DISTANCE
Women's Heptathlon,Javelin Throw - Group B,W,Stade de France,1960930,HAWKINS Chari,USA,9,44.3,DISTANCE
Women's Heptathlon,Javelin Throw - Group B,W,Stade de France,1972093,DOKTER Sofie,NED,10,42.46,DISTANCE
Women's Heptathlon,Final Results,W,,1903112,THIAM Nafissatou,BEL,1,6880,POINTS
Women's Heptathlon,Final Results,W,,1977926,JOHNSON-THOMPSON Katarina,GBR,2,6844,POINTS
Women's Heptathlon,Final Results,W,,1895596,VIDTS Noor,BEL,3,6707,POINTS
Women's Heptathlon,Final Results,W,,1977671,KAELIN Annik,SUI,4,6639,POINTS
Women's Heptathlon,Final Results,W,,1960907,HALL Anna,USA,5,6615,POINTS
Women's Heptathlon,Final Results,W,,1972093,DOKTER Sofie,NED,6,6452,POINTS
Women's Heptathlon,Final Results,W,,1543479,ARAUJO Martha,COL,7,6386,POINTS
Women's Heptathlon,Final Results,W,,1920626,KRIZSAN Xenia,HUN,7,6386,POINTS
Women's Heptathlon,Final Results,W,,1972236,OOSTERWEGEL Emma,NED,7,6386,POINTS
Women's Heptathlon,Final Results,W,,1924467,O'DOWDA Jade,GBR,10,6280,POINTS
Women's Heptathlon,Final Results,W,,1960705,BROOKS Taliyah,USA,11,6258,POINTS
Women's Heptathlon,Final Results,W,,1573011,SULEK-SCHUBERT Adrianna,POL,12,6226,POINTS
Women's Heptathlon,Final Results,W,,1552392,GEREVINI Sveva,ITA,13,6220,POINTS
Women's Heptathlon,Final Results,W,,1544447,O'CONNOR Kate,IRL,14,6167,POINTS
Women's Heptathlon,Final Results,W,,1904377,VANNINEN Saga,FIN,15,6163,POINTS
Women's Heptathlon,Final Results,W,,1911807,LAZRAQ-KHLASS Auriana,FRA,16,6110,POINTS
Women's Heptathlon,Final Results,W,,1920207,SCHAEFER Carolin,GER,17,6084,POINTS
Women's Heptathlon,Final Results,W,,1920696,NEMES Rita,HUN,18,6060,POINTS
Women's Heptathlon,Final Results,W,,1939741,NEWTON-SMITH Camryn,AUS,19,5982,POINTS
Women's Heptathlon,Final Results,W,,3501806,WEST Tori,AUS,20,5848,POINTS
Women's Heptathlon,Final Results,W,,1960930,HAWKINS Chari,USA,21,5255,POINTS
Women's High Jump,Qualification - Group A,W,Stade de France,1571559,MAHUCHIKH Yaroslava,UKR,1,1.95,DISTANCE
Women's High Jump,Qualification - Group A,W,Stade de France,1939763,PATTERSON Eleanor,AUS,2,1.95,DISTANCE
Women's High Jump,Qualification - Group A,W,Stade de France,1920297,HONSEL Christina,GER,3,1.95,DISTANCE
Women's High Jump,Qualification - Group A,W,Stade de France,1904720,KULICHENKO Elena,CYP,4,1.92,DISTANCE
Women's High Jump,Qualification - Group A,W,Stade de France,1911848,MENIKER Nawal,FRA,5,1.92,DISTANCE
Women's High Jump,Qualification - Group A,W,Stade de France,1952176,MARTINS Valdileia,BRA,6,1.92,DISTANCE
Women's High Jump,Qualification - Group A,W,Stade de France,1947565,TOPIC Angelina,SRB,7,1.92,DISTANCE
Women's High Jump,Qualification - Group A,W,Stade de France,4979553,GLENN Rachel,USA,8,1.88,DISTANCE
Women's High Jump,Qualification - Group A,W,Stade de France,1892112,HRUBA Michaela,CZE,8,1.88,DISTANCE
Women's High Jump,Qualification - Group A,W,Stade de France,1924445,LAKE Morgan,GBR,8,1.88,DISTANCE
Women's High Jump,Qualification - Group A,W,Stade de France,1905022,DEMIREVA Mirela,BUL,11,1.88,DISTANCE
Women's High Jump,Qualification - Group A,W,Stade de France,1933523,MATVEYEVA Yelizaveta,KAZ,11,1.88,DISTANCE
Women's High Jump,Qualification - Group A,W,Stade de France,1539328,STANCIU Daniela,ROU,11,1.88,DISTANCE
Women's High Jump,Qualification - Group A,W,Stade de France,1964984,YEBOAH Rose Amoanimaa,GHA,14,1.88,DISTANCE
Women's High Jump,Qualification - Group A,W,Stade de France,1573188,ZODZIK Maria,POL,15,1.83,DISTANCE
Women's High Jump,Qualification - Group B,W,Stade de France,1939838,OLYSLAGERS Nicola,AUS,1,1.95,DISTANCE
Women's High Jump,Qualification - Group B,W,Stade de France,1571577,GERASHCHENKO Iryna,UKR,2,1.95,DISTANCE
Women's High Jump,Qualification - Group B,W,Stade de France,1896901,SADULLAYEVA Safina,UZB,3,1.95,DISTANCE
Women's High Jump,Qualification - Group B,W,Stade de France,1961204,GUSIN Tatiana,GRE,4,1.92,DISTANCE
Women's High Jump,Qualification - Group B,W,Stade de France,1566074,SAVASKAN Buse,TUR,4,1.92,DISTANCE
Women's High Jump,Qualification - Group B,W,Stade de France,1960723,CUNNINGHAM Vashti,USA,6,1.92,DISTANCE
Women's High Jump,Qualification - Group B,W,Stade de France,1920185,ONNEN Imke,GER,7,1.92,DISTANCE
Women's High Jump,Qualification - Group B,W,Stade de France,1923000,PALSYTE Airine,LTU,8,1.88,DISTANCE
Women's High Jump,Qualification - Group B,W,Stade de France,1976922,ADESHINA Temitope Simbiat,NGR,9,1.88,DISTANCE
Women's High Jump,Qualification - Group B,W,Stade de France,1910751,GICQUEL Solene,FRA,9,1.88,DISTANCE
Women's High Jump,Qualification - Group B,W,Stade de France,1890594,DISTIN Lamara,JAM,11,1.88,DISTANCE
Women's High Jump,Qualification - Group B,W,Stade de France,1981167,APOSTOLOVSKI Lia,SLO,12,1.83,DISTANCE
Women's High Jump,Qualification - Group B,W,Stade de France,1937023,PIHELA Elisabeth,EST,12,1.83,DISTANCE
Women's High Jump,Qualification - Group B,W,Stade de France,1555082,DUBOVITSKAYA Nadezhda,KAZ,14,1.83,DISTANCE
Women's High Jump,Qualification - Group B,W,Stade de France,1904307,JUNNILA Ella,FIN,14,1.83,DISTANCE
Women's High Jump,Final,W,Stade de France,1571559,MAHUCHIKH Yaroslava,UKR,1,2,DISTANCE
Women's High Jump,Final,W,Stade de France,1939838,OLYSLAGERS Nicola,AUS,2,2,DISTANCE
Women's High Jump,Final,W,Stade de France,1571577,GERASHCHENKO Iryna,UKR,3,1.95,DISTANCE
Women's High Jump,Final,W,Stade de France,1939763,PATTERSON Eleanor,AUS,3,1.95,DISTANCE
Women's High Jump,Final,W,Stade de France,1960723,CUNNINGHAM Vashti,USA,5,1.95,DISTANCE
Women's High Jump,Final,W,Stade de France,1920297,HONSEL Christina,GER,6,1.95,DISTANCE
Women's High Jump,Final,W,Stade de France,1904720,KULICHENKO Elena,CYP,7,1.95,DISTANCE
Women's High Jump,Final,W,Stade de France,1896901,SADULLAYEVA Safina,UZB,7,1.95,DISTANCE
Women's High Jump,Final,W,Stade de France,1961204,GUSIN Tatiana,GRE,9,1.86,DISTANCE
Women's High Jump,Final,W,Stade de France,1566074,SAVASKAN Buse,TUR,10,1.86,DISTANCE
Women's High Jump,Final,W,Stade de France,1911848,MENIKER Nawal,FRA,11,1.86,DISTANCE
Women's Javelin Throw,Qualification - Group A,W,Stade de France,1981085,van DYK Jo-Ane,RSA,1,64.22,DISTANCE
Women's Javelin Throw,Qualification - Group A,W,Stade de France,1939821,LITTLE Mackenzie,AUS,2,62.82,DISTANCE
Women's Javelin Throw,Qualification - Group A,W,Stade de France,1939805,MITCHELL Kathryn,AUS,3,62.4,DISTANCE
Women's Javelin Throw,Qualification - Group A,W,Stade de France,1892137,OGRODNIKOVA Nikola,CZE,4,61.16,DISTANCE
Women's Javelin Throw,Qualification - Group A,W,Stade de France,1543445,MURILLO Maria Lucelly,COL,5,60.38,DISTANCE
Women's Javelin Throw,Qualification - Group A,W,Stade de France,1948133,MUZE-SIRMA Lina,LAT,6,60.3,DISTANCE
Women's Javelin Throw,Qualification - Group A,W,Stade de France,1920135,HUSSONG Christin,GER,7,59.99,DISTANCE
Women's Javelin Throw,Qualification - Group A,W,Stade de France,1926686,PEETERS Tori,NZL,8,59.78,DISTANCE
Women's Javelin Throw,Qualification - Group A,W,Stade de France,1563784,HUDSON Victoria,AUT,9,59.69,DISTANCE
Women's Javelin Throw,Qualification - Group A,W,Stade de France,1921593,SAITO Marina,JPN,10,59.42,DISTANCE
Women's Javelin Throw,Qualification - Group A,W,Stade de France,1919082,DAI Qianqian,CHN,11,59.33,DISTANCE
Women's Javelin Throw,Qualification - Group A,W,Stade de France,1965282,MALONE-HARDIN Maggie,USA,12,58.76,DISTANCE
Women's Javelin Throw,Qualification - Group A,W,Stade de France,1908229,OTABOR Rhema,BAH,13,57.67,DISTANCE
Women's Javelin Throw,Qualification - Group A,W,Stade de France,1952005,de LIMA Jucilene Sales,BRA,14,57.56,DISTANCE
Women's Javelin Throw,Qualification - Group A,W,Stade de France,1544485,RANI Annu,IND,15,55.81,DISTANCE
Women's Javelin Throw,Qualification - Group A,W,Stade de France,1976411,LEKAMGE Dilhani,SRI,16,53.66,DISTANCE
Women's Javelin Throw,Qualification - Group B,W,Stade de France,1573050,ANDREJCZYK Maria,POL,1,65.52,DISTANCE
Women's Javelin Throw,Qualification - Group B,W,Stade de France,1922211,KOLAK Sara,CRO,2,64.57,DISTANCE
Women's Javelin Throw,Qualification - Group B,W,Stade de France,1535511,RUIZ HURTADO Flor Denis,COL,3,64.4,DISTANCE
Women's Javelin Throw,Qualification - Group B,W,Stade de France,1961249,TZENGKO Elina,GRE,4,63.22,DISTANCE
Women's Javelin Throw,Qualification - Group B,W,Stade de France,1919914,KITAGUCHI Haruka,JPN,5,62.58,DISTANCE
Women's Javelin Throw,Qualification - Group B,W,Stade de France,3410133,AGUILAR Yulenmis,ESP,6,61.95,DISTANCE
Women's Javelin Throw,Qualification - Group B,W,Stade de France,1898245,OBST Marie-Therese,NOR,7,61.82,DISTANCE
Women's Javelin Throw,Qualification - Group B,W,Stade de France,1921812,UEDA Momone,JPN,8,61.08,DISTANCE
Women's Javelin Throw,Qualification - Group B,W,Stade de France,1947566,VILAGOS Adriana,SRB,9,60.49,DISTANCE
Women's Javelin Throw,Qualification - Group B,W,Stade de France,1892149,SICAKOVA Petra,CZE,10,60.47,DISTANCE
Women's Javelin Throw,Qualification - Group B,W,Stade de France,1948127,SIETINA Anete,LAT,11,60.47,DISTANCE
Women's Javelin Throw,Qualification - Group B,W,Stade de France,1919085,LYU Huihui,CHN,12,59.37,DISTANCE
Women's Javelin Throw,Qualification - Group B,W,Stade de France,1922750,JASIUNAITE Liveta,LTU,13,58.35,DISTANCE
Women's Javelin Throw,Qualification - Group B,W,Stade de France,1939807,BARBER Kelsey-Lee,AUS,14,57.73,DISTANCE
Women's Javelin Throw,Qualification - Group B,W,Stade de France,1904286,ALANEN Anni-Linnea,FIN,15,55.3,DISTANCE
Women's Javelin Throw,Qualification - Group B,W,Stade de France,1566088,TUGSUZ Eda,TUR,16,55.3,DISTANCE
Women's Javelin Throw,Final,W,Stade de France,1919914,KITAGUCHI Haruka,JPN,1,65.8,DISTANCE
Women's Javelin Throw,Final,W,Stade de France,1981085,van DYK Jo-Ane,RSA,2,63.93,DISTANCE
Women's Javelin Throw,Final,W,Stade de France,1892137,OGRODNIKOVA Nikola,CZE,3,63.68,DISTANCE
Women's Javelin Throw,Final,W,Stade de France,1922211,KOLAK Sara,CRO,4,63.4,DISTANCE
Women's Javelin Throw,Final,W,Stade de France,1535511,RUIZ HURTADO Flor Denis,COL,5,63,DISTANCE
Women's Javelin Throw,Final,W,Stade de France,3410133,AGUILAR Yulenmis,ESP,6,62.78,DISTANCE
Women's Javelin Throw,Final,W,Stade de France,1939805,MITCHELL Kathryn,AUS,7,62.63,DISTANCE
Women's Javelin Throw,Final,W,Stade de France,1573050,ANDREJCZYK Maria,POL,8,62.44,DISTANCE
Women's Javelin Throw,Final,W,Stade de France,1961249,TZENGKO Elina,GRE,9,61.85,DISTANCE
Women's Javelin Throw,Final,W,Stade de France,1921812,UEDA Momone,JPN,10,61.64,DISTANCE
Women's Javelin Throw,Final,W,Stade de France,1898245,OBST Marie-Therese,NOR,11,61.14,DISTANCE
Women's Javelin Throw,Final,W,Stade de France,1939821,LITTLE Mackenzie,AUS,12,60.32,DISTANCE
Women's Long Jump,Qualification - Group B,W,Stade de France,1552379,IAPICHINO Larissa,ITA,1,6.87,DISTANCE
Women's Long Jump,Qualification - Group B,W,Stade de France,1920175,MIHAMBO Malaika,GER,2,6.86,DISTANCE
Women's Long Jump,Qualification - Group B,W,Stade de France,1977821,OCHONOGOR Prestina Oluchi,NGR,3,6.65,DISTANCE
Women's Long Jump,Qualification - Group B,W,Stade de France,1965125,NICHOLS Monae',USA,4,6.64,DISTANCE
Women's Long Jump,Qualification - Group B,W,Stade de France,1893240,SMITH Ackelia,JAM,5,6.59,DISTANCE
Women's Long Jump,Qualification - Group B,W,Stade de France,1572042,KOALA Marthe,BUR,6,6.59,DISTANCE
Women's Long Jump,Qualification - Group B,W,Stade de France,1910794,KPATCHA Hilary,FRA,7,6.59,DISTANCE
Women's Long Jump,Qualification - Group B,W,Stade de France,1904098,DIAME Fatima,ESP,8,6.52,DISTANCE
Women's Long Jump,Qualification - Group B,W,Stade de France,1947563,SPANOVIC Ivana,SRB,9,6.51,DISTANCE
Women's Long Jump,Qualification - Group B,W,Stade de France,1905114,MITKOVA Plamena,BUL,10,6.45,DISTANCE
Women's Long Jump,Qualification - Group B,W,Stade de France,1916392,BANHIDI-FARKAS Petra,HUN,11,6.4,DISTANCE
Women's Long Jump,Qualification - Group B,W,Stade de France,1939737,BUSCHKUEHL Brooke,AUS,12,6.31,DISTANCE
Women's Long Jump,Qualification - Group B,W,Stade de France,1919827,HATA Sumire,JPN,13,6.31,DISTANCE
Women's Long Jump,Qualification - Group B,W,Stade de France,1920299,ASSANI Mikaelle,GER,14,6.24,DISTANCE
Women's Long Jump,Qualification - Group B,W,Stade de France,1952026,CAMPOS Lissandra Maysa,BRA,15,6.02,DISTANCE
Women's Long Jump,Qualification - Group A,W,Stade de France,1960711,DAVIS-WOODHALL Tara,USA,1,6.9,DISTANCE
Women's Long Jump,Qualification - Group A,W,Stade de France,1926387,BRUME Ese,NGR,2,6.76,DISTANCE
Women's Long Jump,Qualification - Group A,W,Stade de France,1926236,USORO Ruth,NGR,3,6.68,DISTANCE
Women's Long Jump,Qualification - Group A,W,Stade de France,1965250,MOORE Jasmine,USA,4,6.66,DISTANCE
Women's Long Jump,Qualification - Group A,W,Stade de France,1539303,ROTARU-KOTTMANN Alina,ROU,5,6.63,DISTANCE
Women's Long Jump,Qualification - Group A,W,Stade de France,1920815,XIONG Shiqi,CHN,6,6.58,DISTANCE
Women's Long Jump,Qualification - Group A,W,Stade de France,1972110,HONDEMA Pauline,NED,7,6.55,DISTANCE
Women's Long Jump,Qualification - Group A,W,Stade de France,1555457,PORTER Chanice,JAM,8,6.48,DISTANCE
Women's Long Jump,Qualification - Group A,W,Stade de France,1947558,GARDASEVIC Milica,SRB,9,6.48,DISTANCE
Women's Long Jump,Qualification - Group A,W,Stade de France,1920334,MUELLER Laura Raquel,GER,10,6.4,DISTANCE
Women's Long Jump,Qualification - Group A,W,Stade de France,1535505,LINARES Natalia,COL,11,6.4,DISTANCE
Women's Long Jump,Qualification - Group A,W,Stade de France,1951949,MARTINS Eliane,BRA,12,6.36,DISTANCE
Women's Long Jump,Qualification - Group A,W,Stade de France,1938716,de SOUSA Agate,POR,13,6.34,DISTANCE
Women's Long Jump,Qualification - Group A,W,Stade de France,1573095,HOROWSKA Nikola,POL,14,6.31,DISTANCE
Women's Long Jump,Qualification - Group A,W,Stade de France,1909975,OWIS Esraa,EGY,15,6.2,DISTANCE
Women's Long Jump,Qualification - Group A,W,Stade de France,1904100,EBOSELE Tessy,ESP,16,6.09,DISTANCE
Women's Long Jump,Final,W,Stade de France,1960711,DAVIS-WOODHALL Tara,USA,1,7.1,DISTANCE
Women's Long Jump,Final,W,Stade de France,1920175,MIHAMBO Malaika,GER,2,6.98,DISTANCE
Women's Long Jump,Final,W,Stade de France,1965250,MOORE Jasmine,USA,3,6.96,DISTANCE
Women's Long Jump,Final,W,Stade de France,1552379,IAPICHINO Larissa,ITA,4,6.87,DISTANCE
Women's Long Jump,Final,W,Stade de France,1926387,BRUME Ese,NGR,5,6.7,DISTANCE
Women's Long Jump,Final,W,Stade de France,1965125,NICHOLS Monae',USA,6,6.67,DISTANCE
Women's Long Jump,Final,W,Stade de France,1539303,ROTARU-KOTTMANN Alina,ROU,7,6.67,DISTANCE
Women's Long Jump,Final,W,Stade de France,1893240,SMITH Ackelia,JAM,8,6.66,DISTANCE
Women's Long Jump,Final,W,Stade de France,1572042,KOALA Marthe,BUR,9,6.61,DISTANCE
Women's Long Jump,Final,W,Stade de France,1926236,USORO Ruth,NGR,10,6.58,DISTANCE
Women's Long Jump,Final,W,Stade de France,1910794,KPATCHA Hilary,FRA,11,6.56,DISTANCE
Women's Long Jump,Final,W,Stade de France,1977821,OCHONOGOR Prestina Oluchi,NGR,12,6.24,DISTANCE
Women's Pole Vault,Qualification - Group B,W,Stade de France,1552381,MOLINAROLO Elisa,ITA,1,4.55,DISTANCE
Women's Pole Vault,Qualification - Group B,W,Stade de France,1965268,MOON Katie,USA,1,4.55,DISTANCE
Women's Pole Vault,Qualification - Group B,W,Stade de France,1926690,McCARTNEY Eliza,NZL,3,4.55,DISTANCE
Women's Pole Vault,Qualification - Group B,W,Stade de France,1904348,MURTO Wilma,FIN,3,4.55,DISTANCE
Women's Pole Vault,Qualification - Group B,W,Stade de France,4966765,ADAMOPOULOU Ariadni,GRE,5,4.4,DISTANCE
Women's Pole Vault,Qualification - Group B,W,Stade de France,1926696,AYRIS Imogen,NZL,5,4.4,DISTANCE
Women's Pole Vault,Qualification - Group B,W,Stade de France,1910646,BONNIN Marie-Julie,FRA,5,4.4,DISTANCE
Women's Pole Vault,Qualification - Group B,W,Stade de France,1906697,PEINADO Robeilys,VEN,5,4.4,DISTANCE
Women's Pole Vault,Qualification - Group B,W,Stade de France,1878357,RETZIUS Lene Onsrud,NOR,5,4.4,DISTANCE
Women's Pole Vault,Qualification - Group B,W,Stade de France,1981538,SUTEJ Tina,SLO,5,4.4,DISTANCE
Women's Pole Vault,Qualification - Group B,W,Stade de France,4979565,KING Brynn,USA,11,4.4,DISTANCE
Women's Pole Vault,Qualification - Group B,W,Stade de France,1920857,NIU Chunge,CHN,11,4.4,DISTANCE
Women's Pole Vault,Qualification - Group B,W,Stade de France,1974215,NEWELL Anicka,CAN,13,4.4,DISTANCE
Women's Pole Vault,Qualification - Group B,W,Stade de France,1977873,STOCKLIN Pascale,SUI,14,4.2,DISTANCE
Women's Pole Vault,Qualification - Group A,W,Stade de France,1552373,BRUNI Roberta,ITA,1,4.55,DISTANCE
Women's Pole Vault,Qualification - Group A,W,Stade de France,1939839,KENNEDY Nina,AUS,1,4.55,DISTANCE
Women's Pole Vault,Qualification - Group A,W,Stade de France,1977760,MOSER Angelica,SUI,1,4.55,DISTANCE
Women's Pole Vault,Qualification - Group A,W,Stade de France,1892161,SVABIKOVA Amalie,CZE,1,4.55,DISTANCE
Women's Pole Vault,Qualification - Group A,W,Stade de France,1904333,LAMPELA Elina,FIN,5,4.55,DISTANCE
Women's Pole Vault,Qualification - Group A,W,Stade de France,1974216,NEWMAN Alysha,CAN,5,4.55,DISTANCE
Women's Pole Vault,Qualification - Group A,W,Stade de France,1961245,STEFANIDI Aikaterini,GRE,7,4.55,DISTANCE
Women's Pole Vault,Qualification - Group A,W,Stade de France,1910670,CHAPELLE Ninon,FRA,8,4.4,DISTANCE
Women's Pole Vault,Qualification - Group A,W,Stade de France,1920415,KNAESCHE Anjuli,GER,8,4.4,DISTANCE
Women's Pole Vault,Qualification - Group A,W,Stade de France,1926693,McTAGGART Olivia,NZL,8,4.4,DISTANCE
Women's Pole Vault,Qualification - Group A,W,Stade de France,1952002,de MENIS CAMPOS Juliana,BRA,11,4.4,DISTANCE
Women's Pole Vault,Qualification - Group A,W,Stade de France,1965841,WILLIAMS Bridget,USA,12,4.4,DISTANCE
Women's Pole Vault,Qualification - Group A,W,Stade de France,1920568,KLEKNER Hanga,HUN,13,4.4,DISTANCE
Women's Pole Vault,Qualification - Group A,W,Stade de France,1924395,BRADSHAW Holly,GBR,14,4.2,DISTANCE
Women's Pole Vault,Final,W,Stade de France,1939839,KENNEDY Nina,AUS,1,4.9,DISTANCE
Women's Pole Vault,Final,W,Stade de France,1965268,MOON Katie,USA,2,4.85,DISTANCE
Women's Pole Vault,Final,W,Stade de France,1974216,NEWMAN Alysha,CAN,3,4.85,DISTANCE
Women's Pole Vault,Final,W,Stade de France,1977760,MOSER Angelica,SUI,4,4.8,DISTANCE
Women's Pole Vault,Final,W,Stade de France,1892161,SVABIKOVA Amalie,CZE,5,4.8,DISTANCE
Women's Pole Vault,Final,W,Stade de France,1926690,McCARTNEY Eliza,NZL,6,4.7,DISTANCE
Women's Pole Vault,Final,W,Stade de France,1552381,MOLINAROLO Elisa,ITA,6,4.7,DISTANCE
Women's Pole Vault,Final,W,Stade de France,1904348,MURTO Wilma,FIN,6,4.7,DISTANCE
Women's Pole Vault,Final,W,Stade de France,1961245,STEFANIDI Aikaterini,GRE,9,4.7,DISTANCE
Women's Pole Vault,Final,W,Stade de France,1906697,PEINADO Robeilys,VEN,10,4.6,DISTANCE
Women's Pole Vault,Final,W,Stade de France,1910646,BONNIN Marie-Julie,FRA,11,4.6,DISTANCE
Women's Pole Vault,Final,W,Stade de France,1926696,AYRIS Imogen,NZL,12,4.6,DISTANCE
Women's Pole Vault,Final,W,Stade de France,1926693,McTAGGART Olivia,NZL,13,4.6,DISTANCE
Women's Pole Vault,Final,W,Stade de France,1552373,BRUNI Roberta,ITA,14,4.4,DISTANCE
Women's Pole Vault,Final,W,Stade de France,1910670,CHAPELLE Ninon,FRA,14,4.4,DISTANCE
Women's Pole Vault,Final,W,Stade de France,1920415,KNAESCHE Anjuli,GER,14,4.4,DISTANCE
Women's Pole Vault,Final,W,Stade de France,1904333,LAMPELA Elina,FIN,14,4.4,DISTANCE
Women's Pole Vault,Final,W,Stade de France,1878357,RETZIUS Lene Onsrud,NOR,18,4.4,DISTANCE
Women's Pole Vault,Final,W,Stade de France,1981538,SUTEJ Tina,SLO,19,4.4,DISTANCE
Women's Shot Put,Qualification - Group A,W,Stade de France,1974207,MITTON Sarah,CAN,1,19.77,DISTANCE
Women's Shot Put,Qualification - Group A,W,Stade de France,1926695,WESCHE Maddison-Lee,NZL,2,19.25,DISTANCE
Women's Shot Put,Qualification - Group A,W,Stade de France,1919065,SONG Jiayuan,CHN,3,18.73,DISTANCE
Women's Shot Put,Qualification - Group A,W,Stade de France,1965875,ROSS Jaida,USA,4,18.58,DISTANCE
Women's Shot Put,Qualification - Group A,W,Stade de France,1938814,INCHUDE Jessica,POR,5,18.36,DISTANCE
Women's Shot Put,Qualification - Group A,W,Stade de France,1920148,KENZEL Alina,GER,6,18.16,DISTANCE
Women's Shot Put,Qualification - Group A,W,Stade de France,1569205,JOHANSSON Axelina,SWE,7,18.16,DISTANCE
Women's Shot Put,Qualification - Group A,W,Stade de France,1538893,CAMERON Lloydricia,JAM,8,18.02,DISTANCE
Women's Shot Put,Qualification - Group A,W,Stade de France,1960923,JACKSON Chase,USA,9,17.6,DISTANCE
Women's Shot Put,Qualification - Group A,W,Stade de France,1933118,GALLARDO Ivana Xennia,CHI,10,17.47,DISTANCE
Women's Shot Put,Qualification - Group A,W,Stade de France,1938644,GUNNARSDOTTIR Erna Soley,ISL,11,17.39,DISTANCE
Women's Shot Put,Qualification - Group A,W,Stade de France,1919072,SUN Yue,CHN,12,17.33,DISTANCE
Women's Shot Put,Qualification - Group A,W,Stade de France,1566090,DERELI Emel,TUR,13,17.02,DISTANCE
Women's Shot Put,Qualification - Group A,W,Stade de France,1972117,van KLINKEN Jorinde,NED,14,16.35,DISTANCE
Women's Shot Put,Qualification - Group A,W,Stade de France,1952024,AVANCINI Livia,BRA,15,16.26,DISTANCE
Women's Shot Put,Qualification - Group A,W,Stade de France,4974930,de KLERK Mine,RSA,16,15.63,DISTANCE
Women's Shot Put,Qualification - Group B,W,Stade de France,1920183,OGUNLEYE Yemisi,GER,1,19.24,DISTANCE
Women's Shot Put,Qualification - Group B,W,Stade de France,1972230,SCHILDER Jessica,NED,2,18.92,DISTANCE
Women's Shot Put,Qualification - Group B,W,Stade de France,1919087,GONG Lijiao,CHN,3,18.78,DISTANCE
Women's Shot Put,Qualification - Group B,W,Stade de France,1965923,SAUNDERS Raven,USA,4,18.62,DISTANCE
Women's Shot Put,Qualification - Group B,W,Stade de France,1569225,ROOS Fanny,SWE,5,18.17,DISTANCE
Women's Shot Put,Qualification - Group B,W,Stade de France,1554520,THOMAS-DODD Danniel,JAM,6,18.12,DISTANCE
Women's Shot Put,Qualification - Group B,W,Stade de France,1938741,BANDEIRA Eliana,POR,7,17.97,DISTANCE
Women's Shot Put,Qualification - Group B,W,Stade de France,1920167,MAISCH Katharina,GER,8,17.86,DISTANCE
Women's Shot Put,Qualification - Group B,W,Stade de France,1573100,KARDASZ Klaudia,POL,9,17.45,DISTANCE
Women's Shot Put,Qualification - Group B,W,Stade de France,1911794,WARREN Portious,TTO,10,17.22,DISTANCE
Women's Shot Put,Qualification - Group B,W,Stade de France,1951915,SILVA Ana Caroline,BRA,11,17.09,DISTANCE
Women's Shot Put,Qualification - Group B,W,Stade de France,1905427,TOIMIL Maria Belen,ESP,12,16.83,DISTANCE
Women's Shot Put,Qualification - Group B,W,Stade de France,1972090,van DAALEN Alida,NED,13,16.53,DISTANCE
Women's Shot Put,Qualification - Group B,W,Stade de France,1888512,BEZEDE Dimitriana,MDA,14,16.35,DISTANCE
Women's Shot Put,Qualification - Group B,W,Stade de France,1933100,DUCO Natalia,CHI,15,16.11,DISTANCE
Women's Shot Put,Final,W,Stade de France,1920183,OGUNLEYE Yemisi,GER,1,20,DISTANCE
Women's Shot Put,Final,W,Stade de France,1926695,WESCHE Maddison-Lee,NZL,2,19.86,DISTANCE
Women's Shot Put,Final,W,Stade de France,1919065,SONG Jiayuan,CHN,3,19.32,DISTANCE
Women's Shot Put,Final,W,Stade de France,1965875,ROSS Jaida,USA,4,19.28,DISTANCE
Women's Shot Put,Final,W,Stade de France,1919087,GONG Lijiao,CHN,5,19.27,DISTANCE
Women's Shot Put,Final,W,Stade de France,1972230,SCHILDER Jessica,NED,6,18.91,DISTANCE
Women's Shot Put,Final,W,Stade de France,1569225,ROOS Fanny,SWE,7,18.78,DISTANCE
Women's Shot Put,Final,W,Stade de France,1938814,INCHUDE Jessica,POR,8,18.41,DISTANCE
Women's Shot Put,Final,W,Stade de France,1920148,KENZEL Alina,GER,9,18.29,DISTANCE
Women's Shot Put,Final,W,Stade de France,1569205,JOHANSSON Axelina,SWE,10,18.03,DISTANCE
Women's Shot Put,Final,W,Stade de France,1965923,SAUNDERS Raven,USA,11,17.79,DISTANCE
Women's Shot Put,Final,W,Stade de France,1974207,MITTON Sarah,CAN,12,17.48,DISTANCE
Women's Triple Jump,Qualification - Group A,W,Stade de France,1965250,MOORE Jasmine,USA,1,14.43,DISTANCE
Women's Triple Jump,Qualification - Group A,W,Stade de France,1556397,POVEA Liadagmis,CUB,2,14.39,DISTANCE
Women's Triple Jump,Qualification - Group A,W,Stade de France,1908333,LAFOND Thea,DMA,3,14.35,DISTANCE
Women's Triple Jump,Qualification - Group A,W,Stade de France,1571544,BEKH-ROMANCHUK Maryna,UKR,4,14.3,DISTANCE
Women's Triple Jump,Qualification - Group A,W,Stade de France,1893240,SMITH Ackelia,JAM,5,14.09,DISTANCE
Women's Triple Jump,Qualification - Group A,W,Stade de France,1538937,ION Diana Ana Maria,ROU,6,14.03,DISTANCE
Women's Triple Jump,Qualification - Group A,W,Stade de France,1566948,DANISMAZ Tugba,TUR,7,13.97,DISTANCE
Women's Triple Jump,Qualification - Group A,W,Stade de France,1953076,SARR Saly,SEN,8,13.96,DISTANCE
Women's Triple Jump,Qualification - Group A,W,Stade de France,1981464,FILIPIC Neja,SLO,9,13.85,DISTANCE
Women's Triple Jump,Qualification - Group A,W,Stade de France,1569288,ASKAG Maja,SWE,10,13.79,DISTANCE
Women's Triple Jump,Qualification - Group A,W,Stade de France,1905287,PETROVA Gabriela,BUL,11,13.77,DISTANCE
Women's Triple Jump,Qualification - Group A,W,Stade de France,1922819,KILTY Dovile,LTU,12,13.64,DISTANCE
Women's Triple Jump,Qualification - Group A,W,Stade de France,1568469,CESTONARO Ottavia,ITA,13,13.63,DISTANCE
Women's Triple Jump,Qualification - Group A,W,Stade de France,1951984,SANTOS Gabriele,BRA,13,13.63,DISTANCE
Women's Triple Jump,Qualification - Group B,W,Stade de France,1556395,PEREZ HERNANDEZ Leyanis,CUB,1,14.68,DISTANCE
Women's Triple Jump,Qualification - Group B,W,Stade de France,1536885,RICKETTS Shanieka,JAM,2,14.47,DISTANCE
Women's Triple Jump,Qualification - Group B,W,Stade de France,1905365,PELETEIRO-COMPAORE Ana,ESP,3,14.36,DISTANCE
Women's Triple Jump,Qualification - Group B,W,Stade de France,1570111,DERKACH Dariya,ITA,4,14.35,DISTANCE
Women's Triple Jump,Qualification - Group B,W,Stade de France,1539340,TALOS Elena Andreea,ROU,5,14.23,DISTANCE
Women's Triple Jump,Qualification - Group B,W,Stade de France,1965270,ORJI Keturah,USA,6,14.09,DISTANCE
Women's Triple Jump,Qualification - Group B,W,Stade de France,1910769,GUILLAUME Ilionis,FRA,7,14.05,DISTANCE
Women's Triple Jump,Qualification - Group B,W,Stade de France,1961035,FRANKLIN Tori,USA,8,14.02,DISTANCE
Women's Triple Jump,Qualification - Group B,W,Stade de France,1908232,TAYLOR Charisma,BAH,9,14.01,DISTANCE
Women's Triple Jump,Qualification - Group B,W,Stade de France,1553910,WILLIAMS Kimberly,JAM,10,13.77,DISTANCE
Women's Triple Jump,Qualification - Group B,W,Stade de France,1948138,LASMANE Ruta Kate,LAT,11,13.76,DISTANCE
Women's Triple Jump,Qualification - Group B,W,Stade de France,1896902,DAVRONOVA Sharifa,UZB,12,13.74,DISTANCE
Women's Triple Jump,Qualification - Group B,W,Stade de France,1920849,ZENG Rui,CHN,13,13.69,DISTANCE
Women's Triple Jump,Qualification - Group B,W,Stade de France,1921537,MORIMOTO Mariko,JPN,14,13.4,DISTANCE
Women's Triple Jump,Qualification - Group B,W,Stade de France,1571522,KORSUN Olha,UKR,15,13.06,DISTANCE
Women's Triple Jump,Qualification - Group B,W,Stade de France,1923138,ZAGAINOVA Diana,LTU,16,12.86,DISTANCE
Women's Triple Jump,Final,W,Stade de France,1908333,LAFOND Thea,DMA,1,15.02,DISTANCE
Women's Triple Jump,Final,W,Stade de France,1536885,RICKETTS Shanieka,JAM,2,14.87,DISTANCE
Women's Triple Jump,Final,W,Stade de France,1965250,MOORE Jasmine,USA,3,14.67,DISTANCE
Women's Triple Jump,Final,W,Stade de France,1556397,POVEA Liadagmis,CUB,4,14.64,DISTANCE
Women's Triple Jump,Final,W,Stade de France,1556395,PEREZ HERNANDEZ Leyanis,CUB,5,14.62,DISTANCE
Women's Triple Jump,Final,W,Stade de France,1905365,PELETEIRO-COMPAORE Ana,ESP,6,14.59,DISTANCE
Women's Triple Jump,Final,W,Stade de France,1893240,SMITH Ackelia,JAM,7,14.42,DISTANCE
Women's Triple Jump,Final,W,Stade de France,1570111,DERKACH Dariya,ITA,8,14.14,DISTANCE
Women's Triple Jump,Final,W,Stade de France,1965270,ORJI Keturah,USA,9,14.05,DISTANCE
Women's Triple Jump,Final,W,Stade de France,1539340,TALOS Elena Andreea,ROU,10,14.03,DISTANCE
Women's Triple Jump,Final,W,Stade de France,1571544,BEKH-ROMANCHUK Maryna,UKR,11,13.98,DISTANCE
Women's Triple Jump,Final,W,Stade de France,1910769,GUILLAUME Ilionis,FRA,12,13.78,DISTANCE
